-- phpMyAdmin SQL Dump
-- version 4.7.4
-- https://www.phpmyadmin.net/
--
-- Host: 127.0.0.1
-- Generation Time: Apr 26, 2018 at 06:41 PM
-- Server version: 10.1.29-MariaDB
-- PHP Version: 7.1.12

SET SQL_MODE = "NO_AUTO_VALUE_ON_ZERO";
SET AUTOCOMMIT = 0;
START TRANSACTION;
SET time_zone = "+00:00";


/*!40101 SET @OLD_CHARACTER_SET_CLIENT=@@CHARACTER_SET_CLIENT */;
/*!40101 SET @OLD_CHARACTER_SET_RESULTS=@@CHARACTER_SET_RESULTS */;
/*!40101 SET @OLD_COLLATION_CONNECTION=@@COLLATION_CONNECTION */;
/*!40101 SET NAMES utf8mb4 */;

--
-- Database: `reksafund`
--

DELIMITER $$
--
-- Procedures
--
CREATE DEFINER=`root`@`localhost` PROCEDURE `access_admin_bank` (IN `email` VARCHAR(50), IN `password` VARCHAR(200))  NO SQL
BEGIN
SET @password = (SELECT admin_bank.password FROM admin_bank WHERE admin_bank.email = email);
    IF ((sha1(md5(password(crc32(hex(password)))))) = @password) THEN
        SELECT admin_bank.id AS id, admin_bank.nama AS nama FROM admin_bank WHERE admin_bank.email = email;
    END IF;
END$$

CREATE DEFINER=`root`@`localhost` PROCEDURE `access_admin_reksadana` (IN `email` VARCHAR(50), IN `password` VARCHAR(200))  NO SQL
BEGIN
SET @password = (SELECT admin_reksadana.password FROM admin_reksadana WHERE admin_reksadana.email = email);
    IF ((sha1(md5(password(crc32(hex(password)))))) = @password) THEN
        SELECT admin_reksadana.id AS id, admin_reksadana.nama AS nama FROM admin_reksadana WHERE admin_reksadana.email = email;
    END IF;
END$$

CREATE DEFINER=`root`@`localhost` PROCEDURE `access_klien` (IN `email` VARCHAR(50), IN `password` VARCHAR(200))  NO SQL
BEGIN
SET @password = (SELECT klien.password FROM klien WHERE klien.email = email);
    IF ((sha1(md5(password(crc32(hex(password)))))) = @password) THEN
        SELECT klien.id AS id, klien.nama_pemilik_rekening AS nama FROM klien WHERE klien.email = email;
    END IF;
END$$

CREATE DEFINER=`root`@`localhost` PROCEDURE `update_up_klien` (IN `id_jenis_transaksi` INT(1), IN `id_klien` VARCHAR(200), IN `id_reksadana` INT(30), IN `up` BIGINT(20), IN `id_reksadana_tujuan` INT(30))  NO SQL
BEGIN
IF (id_jenis_transaksi = 1) THEN
	IF ((SELECT COUNT(*) FROM up_klien WHERE up_klien.id_klien = id_klien AND up_klien.id_reksadana = id_reksadana) > 0) THEN
    	UPDATE up_klien SET up_klien.up = up_klien.up + up WHERE up_klien.id_klien = id_klien AND up_klien.id_reksadana = id_reksadana;
    ELSE
    	INSERT INTO up_klien VALUES(id_klien, id_reksadana, up);
    END IF;
ELSEIF (id_jenis_transaksi = 2) THEN
	IF ((SELECT COUNT(*) FROM up_klien WHERE up_klien.id_klien = id_klien AND up_klien.id_reksadana = id_reksadana) > 0) THEN
    	UPDATE up_klien SET up_klien.up = up_klien.up - up WHERE up_klien.id_klien = id_klien AND up_klien.id_reksadana = id_reksadana;
    END IF;
ELSEIF (id_jenis_transaksi = 3) THEN
	IF ((SELECT COUNT(*) FROM up_klien WHERE up_klien.id_klien = id_klien AND up_klien.id_reksadana = id_reksadana) > 0) THEN
    	IF ((SELECT COUNT(*) FROM up_klien WHERE up_klien.id_klien = id_klien AND up_klien.id_reksadana = id_reksadana_tujuan) > 0) THEN
    		UPDATE up_klien SET up_klien.up = up_klien.up - up WHERE up_klien.id_klien = id_klien AND up_klien.id_reksadana = id_reksadana;
            UPDATE up_klien SET up_klien.up = up_klien.up + up WHERE up_klien.id_klien = id_klien AND up_klien.id_reksadana = id_reksadana_tujuan;
        ELSE
        	UPDATE up_klien SET up_klien.up = up_klien.up - up WHERE up_klien.id_klien = id_klien AND up_klien.id_reksadana = id_reksadana;
            INSERT INTO up_klien VALUES(id_klien, id_reksadana_tujuan, up);
        END IF;
    END IF;
END IF;
END$$

--
-- Functions
--
CREATE DEFINER=`root`@`localhost` FUNCTION `random` (`min` BIGINT, `max` BIGINT) RETURNS BIGINT(20) NO SQL
BEGIN
DECLARE random_nab INT(10);
	SET random_nab = ROUND((RAND() * (max-min))+min);
RETURN random_nab;
END$$

DELIMITER ;

-- --------------------------------------------------------

--
-- Table structure for table `admin_bank`
--

CREATE TABLE `admin_bank` (
  `id` int(11) NOT NULL,
  `nama` varchar(100) NOT NULL,
  `email` varchar(50) NOT NULL,
  `password` varchar(200) NOT NULL
) ENGINE=InnoDB DEFAULT CHARSET=latin1;

--
-- Dumping data for table `admin_bank`
--

INSERT INTO `admin_bank` (`id`, `nama`, `email`, `password`) VALUES
(1, 'adminbank1', 'adminbank@gmail.com', '59cda011f046befdbdef88ec2f0741b57b099aac'),
(2, 'adminbank2', 'adminbank2@gmail.com', '148c4187b14b1a4f922052c525e328b94783d7a2');

-- --------------------------------------------------------

--
-- Table structure for table `admin_reksadana`
--

CREATE TABLE `admin_reksadana` (
  `id` int(11) NOT NULL,
  `nama` varchar(100) NOT NULL,
  `email` varchar(50) NOT NULL,
  `password` varchar(200) NOT NULL
) ENGINE=InnoDB DEFAULT CHARSET=latin1;

--
-- Dumping data for table `admin_reksadana`
--

INSERT INTO `admin_reksadana` (`id`, `nama`, `email`, `password`) VALUES
(1, 'adminreksadana1', 'adminreksadana@gmail.com', '726e422dfdeaec74f028016e323afdbc9e1f22cb');

-- --------------------------------------------------------

--
-- Table structure for table `history_nab`
--

CREATE TABLE `history_nab` (
  `id_reksadana` int(30) NOT NULL,
  `tanggal` date NOT NULL,
  `nab` float NOT NULL
) ENGINE=InnoDB DEFAULT CHARSET=latin1;

--
-- Dumping data for table `history_nab`
--

INSERT INTO `history_nab` (`id_reksadana`, `tanggal`, `nab`) VALUES
(2146081376, '2018-04-18', 941.24),
(2100181685, '2018-04-18', 4591.37),
(2032842992, '2018-04-18', 1346.74),
(1968497364, '2018-04-18', 3712.14),
(1944147622, '2018-04-18', 1718.25),
(1863622758, '2018-04-18', 1205.52),
(1835924523, '2018-04-18', 1391.81),
(1828255194, '2018-04-18', 1405.61),
(1813755805, '2018-04-18', 1165.8),
(1811434639, '2018-04-18', 1692.97),
(1782876047, '2018-04-18', 1162.31),
(1780921220, '2018-04-18', 2627.67),
(1763556359, '2018-04-18', 4921.22),
(1694456763, '2018-04-18', 2525.28),
(1681502332, '2018-04-18', 2081.9),
(1667907673, '2018-04-18', 1357.62),
(1658116688, '2018-04-18', 4.93),
(1582991564, '2018-04-18', 1224.55),
(1580969741, '2018-04-18', 1243.91),
(1574925428, '2018-04-18', 976),
(1520500823, '2018-04-18', 1109.83),
(1463145989, '2018-04-18', 938.92),
(1427423528, '2018-04-18', 2085.05),
(1287250106, '2018-04-18', 1999.38),
(1222347748, '2018-04-18', 1305.4),
(1192288771, '2018-04-18', 905.62),
(1187269281, '2018-04-18', 27911.2),
(1144667465, '2018-04-18', 12617.9),
(999298920, '2018-04-18', 1360.26),
(922873373, '2018-04-18', 4283.12),
(910314559, '2018-04-18', 1121.83),
(908791603, '2018-04-18', 3143.61),
(737829821, '2018-04-18', 1309.87),
(714001072, '2018-04-18', 1377.14),
(713430031, '2018-04-18', 1222.94),
(708827267, '2018-04-18', 1183.34),
(704323798, '2018-04-18', 1532.2),
(701376180, '2018-04-18', 1330.54),
(675978418, '2018-04-18', 4.78),
(652991974, '2018-04-18', 1434.26),
(566542855, '2018-04-18', 1190.54),
(531967213, '2018-04-18', 1237.98),
(498621209, '2018-04-18', 2274.46),
(357159372, '2018-04-18', 1055.18),
(342054864, '2018-04-18', 1124.7),
(340525261, '2018-04-18', 1483.62),
(250595068, '2018-04-18', 19335.5),
(215885891, '2018-04-18', 1993.95),
(179863950, '2018-04-18', 1236.52),
(156972404, '2018-04-18', 1300.2),
(146236835, '2018-04-18', 1194.01),
(131588334, '2018-04-18', 2778.21),
(117129999, '2018-04-18', 1307.47),
(45548804, '2018-04-18', 1114.61),
(-84205183, '2018-04-18', 3209.02),
(-131723537, '2018-04-18', 2220.13),
(-150760254, '2018-04-18', 1964.23),
(-154527242, '2018-04-18', 1031.83),
(-169158337, '2018-04-18', 0.41),
(-170395512, '2018-04-18', 3361.95),
(-178256200, '2018-04-18', 2229.3),
(-184691442, '2018-04-18', 1893.39),
(-209180468, '2018-04-18', 1250.81),
(-240459899, '2018-04-18', 4713.26),
(-252023954, '2018-04-18', 1212.96),
(-304314538, '2018-04-18', 1249.71),
(-386643354, '2018-04-18', 1094.9),
(-503273693, '2018-04-18', 1359.27),
(-603669986, '2018-04-18', -2.77),
(-636300949, '2018-04-18', 1020.16),
(-722066834, '2018-04-18', 1580.98),
(-768903940, '2018-04-18', 1309),
(-902209630, '2018-04-18', 1298.47),
(-913682379, '2018-04-18', 1302.14),
(-1052777232, '2018-04-18', 858.12),
(-1063093549, '2018-04-18', 1135.44),
(-1084093348, '2018-04-18', 1058.17),
(-1197234858, '2018-04-18', -1.68),
(-1233021900, '2018-04-18', 2535.58),
(-1243273691, '2018-04-18', 1496.5),
(-1266772810, '2018-04-18', 61239.2),
(-1273517016, '2018-04-18', 1072.76),
(-1382631163, '2018-04-18', 1164.79),
(-1428321882, '2018-04-18', 1462.13),
(-1444021734, '2018-04-18', 1056.02),
(-1574408133, '2018-04-18', 1413.64),
(-1665254879, '2018-04-18', 2593.76),
(-1694207043, '2018-04-18', 1143.29),
(-1731187556, '2018-04-18', 1412.43),
(-1735509296, '2018-04-18', 27671.8),
(-1764255880, '2018-04-18', 1398.25),
(-1766554915, '2018-04-18', 1678.19),
(-1868984126, '2018-04-18', 1167.78),
(-1965545938, '2018-04-18', 2669.77),
(-1979781534, '2018-04-18', 712.82),
(-1985600154, '2018-04-18', 1410.91),
(-1991736056, '2018-04-18', 1906.12),
(-2025014905, '2018-04-18', 1419.59),
(-2102994690, '2018-04-18', 1360.72),
(-2110596264, '2018-04-18', 1785.02),
(2146081376, '2018-04-19', 938.11),
(2100181685, '2018-04-19', 4588.83),
(2032842992, '2018-04-19', 1343.15),
(1968497364, '2018-04-19', 3713.07),
(1944147622, '2018-04-19', 1723.08),
(1863622758, '2018-04-19', 1202.62),
(1835924523, '2018-04-19', 1391.15),
(1828255194, '2018-04-19', 1404.15),
(1813755805, '2018-04-19', 1169.56),
(1811434639, '2018-04-19', 1692.73),
(1782876047, '2018-04-19', 1166.77),
(1780921220, '2018-04-19', 2630.15),
(1763556359, '2018-04-19', 4919.81),
(1694456763, '2018-04-19', 2521.19),
(1681502332, '2018-04-19', 2084.22),
(1667907673, '2018-04-19', 1355.08),
(1658116688, '2018-04-19', 1.87),
(1582991564, '2018-04-19', 1227.31),
(1580969741, '2018-04-19', 1241.48),
(1574925428, '2018-04-19', 974.56),
(1520500823, '2018-04-19', 1110.42),
(1463145989, '2018-04-19', 939.01),
(1427423528, '2018-04-19', 2083.87),
(1287250106, '2018-04-19', 2003.7),
(1222347748, '2018-04-19', 1301.98),
(1192288771, '2018-04-19', 908.57),
(1187269281, '2018-04-19', 27913.9),
(1144667465, '2018-04-19', 12617.3),
(999298920, '2018-04-19', 1360.18),
(922873373, '2018-04-19', 4283.02),
(910314559, '2018-04-19', 1119.27),
(908791603, '2018-04-19', 3142.55),
(737829821, '2018-04-19', 1306.15),
(714001072, '2018-04-19', 1376.11),
(713430031, '2018-04-19', 1221.11),
(708827267, '2018-04-19', 1184.62),
(704323798, '2018-04-19', 1529.72),
(701376180, '2018-04-19', 1328.31),
(675978418, '2018-04-19', 8.32),
(652991974, '2018-04-19', 1430.12),
(566542855, '2018-04-19', 1187.18),
(531967213, '2018-04-19', 1237.58),
(498621209, '2018-04-19', 2278.23),
(357159372, '2018-04-19', 1057.96),
(342054864, '2018-04-19', 1128.28),
(340525261, '2018-04-19', 1486.17),
(250595068, '2018-04-19', 19337.9),
(215885891, '2018-04-19', 1993.24),
(179863950, '2018-04-19', 1235.77),
(156972404, '2018-04-19', 1295.31),
(146236835, '2018-04-19', 1189.73),
(131588334, '2018-04-19', 2780.16),
(117129999, '2018-04-19', 1312.02),
(45548804, '2018-04-19', 1111.58),
(-84205183, '2018-04-19', 3206.11),
(-131723537, '2018-04-19', 2221.96),
(-150760254, '2018-04-19', 1968.33),
(-154527242, '2018-04-19', 1034.78),
(-169158337, '2018-04-19', -1.06),
(-170395512, '2018-04-19', 3366.82),
(-178256200, '2018-04-19', 2225.6),
(-184691442, '2018-04-19', 1891.16),
(-209180468, '2018-04-19', 1248.02),
(-240459899, '2018-04-19', 4717.4),
(-252023954, '2018-04-19', 1214.56),
(-304314538, '2018-04-19', 1245.02),
(-386643354, '2018-04-19', 1090.37),
(-503273693, '2018-04-19', 1356.57),
(-603669986, '2018-04-19', -1.76),
(-636300949, '2018-04-19', 1019.17),
(-722066834, '2018-04-19', 1582.75),
(-768903940, '2018-04-19', 1307.59),
(-902209630, '2018-04-19', 1301.82),
(-913682379, '2018-04-19', 1303.46),
(-1052777232, '2018-04-19', 863.05),
(-1063093549, '2018-04-19', 1137.6),
(-1084093348, '2018-04-19', 1058.56),
(-1197234858, '2018-04-19', -0.27),
(-1233021900, '2018-04-19', 2540.15),
(-1243273691, '2018-04-19', 1500.44),
(-1266772810, '2018-04-19', 61241.5),
(-1273517016, '2018-04-19', 1068.35),
(-1382631163, '2018-04-19', 1160.74),
(-1428321882, '2018-04-19', 1462.02),
(-1444021734, '2018-04-19', 1051.94),
(-1574408133, '2018-04-19', 1411.39),
(-1665254879, '2018-04-19', 2589.11),
(-1694207043, '2018-04-19', 1142.78),
(-1731187556, '2018-04-19', 1408.62),
(-1735509296, '2018-04-19', 27675.9),
(-1764255880, '2018-04-19', 1397.96),
(-1766554915, '2018-04-19', 1682.03),
(-1868984126, '2018-04-19', 1168.56),
(-1965545938, '2018-04-19', 2670.06),
(-1979781534, '2018-04-19', 714.71),
(-1985600154, '2018-04-19', 1410.12),
(-1991736056, '2018-04-19', 1902.79),
(-2025014905, '2018-04-19', 1415.81),
(-2102994690, '2018-04-19', 1358.89),
(-2110596264, '2018-04-19', 1784.33),
(2146081376, '2018-04-20', 936.05),
(2100181685, '2018-04-20', 4584.14),
(2032842992, '2018-04-20', 1346.16),
(1968497364, '2018-04-20', 3716.53),
(1944147622, '2018-04-20', 1720.11),
(1863622758, '2018-04-20', 1206.78),
(1835924523, '2018-04-20', 1395.9),
(1828255194, '2018-04-20', 1403.08),
(1813755805, '2018-04-20', 1173.38),
(1811434639, '2018-04-20', 1690.87),
(1782876047, '2018-04-20', 1162.67),
(1780921220, '2018-04-20', 2630.42),
(1763556359, '2018-04-20', 4919.88),
(1694456763, '2018-04-20', 2517.34),
(1681502332, '2018-04-20', 2083.8),
(1667907673, '2018-04-20', 1353.1),
(1658116688, '2018-04-20', 4.26),
(1582991564, '2018-04-20', 1230.05),
(1580969741, '2018-04-20', 1244.74),
(1574925428, '2018-04-20', 978.97),
(1520500823, '2018-04-20', 1111.81),
(1463145989, '2018-04-20', 937.99),
(1427423528, '2018-04-20', 2084.23),
(1287250106, '2018-04-20', 2004.48),
(1222347748, '2018-04-20', 1306.87),
(1192288771, '2018-04-20', 906.48),
(1187269281, '2018-04-20', 27917.5),
(1144667465, '2018-04-20', 12621.9),
(999298920, '2018-04-20', 1363.73),
(922873373, '2018-04-20', 4284.76),
(910314559, '2018-04-20', 1116.06),
(908791603, '2018-04-20', 3142.15),
(737829821, '2018-04-20', 1310.96),
(714001072, '2018-04-20', 1377.54),
(713430031, '2018-04-20', 1219.34),
(708827267, '2018-04-20', 1182.02),
(704323798, '2018-04-20', 1526.89),
(701376180, '2018-04-20', 1326.73),
(675978418, '2018-04-20', 11.68),
(652991974, '2018-04-20', 1432.53),
(566542855, '2018-04-20', 1187.81),
(531967213, '2018-04-20', 1241.91),
(498621209, '2018-04-20', 2280.3),
(357159372, '2018-04-20', 1059.33),
(342054864, '2018-04-20', 1123.66),
(340525261, '2018-04-20', 1484.02),
(250595068, '2018-04-20', 19342),
(215885891, '2018-04-20', 1995.77),
(179863950, '2018-04-20', 1238.7),
(156972404, '2018-04-20', 1294.32),
(146236835, '2018-04-20', 1194.11),
(131588334, '2018-04-20', 2781.41),
(117129999, '2018-04-20', 1315.43),
(45548804, '2018-04-20', 1112.64),
(-84205183, '2018-04-20', 3210.84),
(-131723537, '2018-04-20', 2226.11),
(-150760254, '2018-04-20', 1972.82),
(-154527242, '2018-04-20', 1034.63),
(-169158337, '2018-04-20', 0.74),
(-170395512, '2018-04-20', 3364.58),
(-178256200, '2018-04-20', 2225.84),
(-184691442, '2018-04-20', 1893.3),
(-209180468, '2018-04-20', 1249.81),
(-240459899, '2018-04-20', 4720.54),
(-252023954, '2018-04-20', 1218.08),
(-304314538, '2018-04-20', 1247.72),
(-386643354, '2018-04-20', 1094.53),
(-503273693, '2018-04-20', 1357.09),
(-603669986, '2018-04-20', 2.38),
(-636300949, '2018-04-20', 1017.24),
(-722066834, '2018-04-20', 1582.16),
(-768903940, '2018-04-20', 1310.2),
(-902209630, '2018-04-20', 1302.2),
(-913682379, '2018-04-20', 1308.37),
(-1052777232, '2018-04-20', 859.43),
(-1063093549, '2018-04-20', 1135.55),
(-1084093348, '2018-04-20', 1054),
(-1197234858, '2018-04-20', -1.45),
(-1233021900, '2018-04-20', 2539.51),
(-1243273691, '2018-04-20', 1500.15),
(-1266772810, '2018-04-20', 61236.6),
(-1273517016, '2018-04-20', 1064.04),
(-1382631163, '2018-04-20', 1165.56),
(-1428321882, '2018-04-20', 1465.62),
(-1444021734, '2018-04-20', 1051.92),
(-1574408133, '2018-04-20', 1406.91),
(-1665254879, '2018-04-20', 2592.26),
(-1694207043, '2018-04-20', 1144.11),
(-1731187556, '2018-04-20', 1410.13),
(-1735509296, '2018-04-20', 27679.6),
(-1764255880, '2018-04-20', 1398.16),
(-1766554915, '2018-04-20', 1680.14),
(-1868984126, '2018-04-20', 1164.31),
(-1965545938, '2018-04-20', 2672.98),
(-1979781534, '2018-04-20', 716.26),
(-1985600154, '2018-04-20', 1408.45),
(-1991736056, '2018-04-20', 1898.18),
(-2025014905, '2018-04-20', 1416.19),
(-2102994690, '2018-04-20', 1356.43),
(-2110596264, '2018-04-20', 1788.37),
(2146081376, '2018-04-21', 934.82),
(2100181685, '2018-04-21', 4581.4),
(2032842992, '2018-04-21', 1342.69),
(1968497364, '2018-04-21', 3714.8),
(1944147622, '2018-04-21', 1719.04),
(1863622758, '2018-04-21', 1203.01),
(1835924523, '2018-04-21', 1394.3),
(1828255194, '2018-04-21', 1401.51),
(1813755805, '2018-04-21', 1173.23),
(1811434639, '2018-04-21', 1692.72),
(1782876047, '2018-04-21', 1160.54),
(1780921220, '2018-04-21', 2625.62),
(1763556359, '2018-04-21', 4915.78),
(1694456763, '2018-04-21', 2517.46),
(1681502332, '2018-04-21', 2087.32),
(1667907673, '2018-04-21', 1353.32),
(1658116688, '2018-04-21', 8.26),
(1582991564, '2018-04-21', 1232.08),
(1580969741, '2018-04-21', 1245.06),
(1574925428, '2018-04-21', 983.27),
(1520500823, '2018-04-21', 1109.98),
(1463145989, '2018-04-21', 942.26),
(1427423528, '2018-04-21', 2085.61),
(1287250106, '2018-04-21', 2006.84),
(1222347748, '2018-04-21', 1308.53),
(1192288771, '2018-04-21', 901.57),
(1187269281, '2018-04-21', 27920.1),
(1144667465, '2018-04-21', 12616.9),
(999298920, '2018-04-21', 1359.23),
(922873373, '2018-04-21', 4289.75),
(910314559, '2018-04-21', 1114.77),
(908791603, '2018-04-21', 3140.38),
(737829821, '2018-04-21', 1308.38),
(714001072, '2018-04-21', 1374.34),
(713430031, '2018-04-21', 1216.69),
(708827267, '2018-04-21', 1179.06),
(704323798, '2018-04-21', 1525.2),
(701376180, '2018-04-21', 1326.47),
(675978418, '2018-04-21', 7.93),
(652991974, '2018-04-21', 1432.03),
(566542855, '2018-04-21', 1190.23),
(531967213, '2018-04-21', 1240.37),
(498621209, '2018-04-21', 2276.07),
(357159372, '2018-04-21', 1061.87),
(342054864, '2018-04-21', 1122.68),
(340525261, '2018-04-21', 1484.32),
(250595068, '2018-04-21', 19342.2),
(215885891, '2018-04-21', 1992.75),
(179863950, '2018-04-21', 1240.48),
(156972404, '2018-04-21', 1295.96),
(146236835, '2018-04-21', 1191.63),
(131588334, '2018-04-21', 2784.92),
(117129999, '2018-04-21', 1314.74),
(45548804, '2018-04-21', 1113.85),
(-84205183, '2018-04-21', 3208.61),
(-131723537, '2018-04-21', 2229.43),
(-150760254, '2018-04-21', 1969.96),
(-154527242, '2018-04-21', 1033.73),
(-169158337, '2018-04-21', 1.55),
(-170395512, '2018-04-21', 3368.36),
(-178256200, '2018-04-21', 2221.31),
(-184691442, '2018-04-21', 1897.69),
(-209180468, '2018-04-21', 1254.15),
(-240459899, '2018-04-21', 4723.73),
(-252023954, '2018-04-21', 1214.61),
(-304314538, '2018-04-21', 1245.37),
(-386643354, '2018-04-21', 1095.55),
(-503273693, '2018-04-21', 1361.02),
(-603669986, '2018-04-21', 0.35),
(-636300949, '2018-04-21', 1017.73),
(-722066834, '2018-04-21', 1578.88),
(-768903940, '2018-04-21', 1312.24),
(-902209630, '2018-04-21', 1307.14),
(-913682379, '2018-04-21', 1307.02),
(-1052777232, '2018-04-21', 857.14),
(-1063093549, '2018-04-21', 1140.25),
(-1084093348, '2018-04-21', 1058.82),
(-1197234858, '2018-04-21', 3.34),
(-1233021900, '2018-04-21', 2536.11),
(-1243273691, '2018-04-21', 1504.79),
(-1266772810, '2018-04-21', 61239.9),
(-1273517016, '2018-04-21', 1062.44),
(-1382631163, '2018-04-21', 1162.71),
(-1428321882, '2018-04-21', 1465.63),
(-1444021734, '2018-04-21', 1055.11),
(-1574408133, '2018-04-21', 1402.58),
(-1665254879, '2018-04-21', 2592.2),
(-1694207043, '2018-04-21', 1147.86),
(-1731187556, '2018-04-21', 1414.51),
(-1735509296, '2018-04-21', 27680.6),
(-1764255880, '2018-04-21', 1394.88),
(-1766554915, '2018-04-21', 1685.01),
(-1868984126, '2018-04-21', 1161.7),
(-1965545938, '2018-04-21', 2673.66),
(-1979781534, '2018-04-21', 717.44),
(-1985600154, '2018-04-21', 1404.5),
(-1991736056, '2018-04-21', 1897.42),
(-2025014905, '2018-04-21', 1413.48),
(-2102994690, '2018-04-21', 1354.31),
(-2110596264, '2018-04-21', 1788.9),
(2146081376, '2018-04-22', 936.52),
(2100181685, '2018-04-22', 4578.12),
(2032842992, '2018-04-22', 1339.29),
(1968497364, '2018-04-22', 3717.72),
(1944147622, '2018-04-22', 1722.69),
(1863622758, '2018-04-22', 1201.62),
(1835924523, '2018-04-22', 1397.45),
(1828255194, '2018-04-22', 1397.34),
(1813755805, '2018-04-22', 1170.57),
(1811434639, '2018-04-22', 1692.24),
(1782876047, '2018-04-22', 1156.04),
(1780921220, '2018-04-22', 2627.92),
(1763556359, '2018-04-22', 4914.03),
(1694456763, '2018-04-22', 2522.23),
(1681502332, '2018-04-22', 2084.19),
(1667907673, '2018-04-22', 1348.61),
(1658116688, '2018-04-22', 3.32),
(1582991564, '2018-04-22', 1228.62),
(1580969741, '2018-04-22', 1242.77),
(1574925428, '2018-04-22', 983.26),
(1520500823, '2018-04-22', 1105.43),
(1463145989, '2018-04-22', 940.26),
(1427423528, '2018-04-22', 2083.13),
(1287250106, '2018-04-22', 2008.94),
(1222347748, '2018-04-22', 1303.7),
(1192288771, '2018-04-22', 904.85),
(1187269281, '2018-04-22', 27917.3),
(1144667465, '2018-04-22', 12612.7),
(999298920, '2018-04-22', 1361.08),
(922873373, '2018-04-22', 4286.34),
(910314559, '2018-04-22', 1117.94),
(908791603, '2018-04-22', 3137.9),
(737829821, '2018-04-22', 1313.38),
(714001072, '2018-04-22', 1372.64),
(713430031, '2018-04-22', 1217.21),
(708827267, '2018-04-22', 1178.28),
(704323798, '2018-04-22', 1528.44),
(701376180, '2018-04-22', 1323.92),
(675978418, '2018-04-22', 6.51),
(652991974, '2018-04-22', 1428),
(566542855, '2018-04-22', 1192.21),
(531967213, '2018-04-22', 1236.26),
(498621209, '2018-04-22', 2278.79),
(357159372, '2018-04-22', 1061.76),
(342054864, '2018-04-22', 1120.95),
(340525261, '2018-04-22', 1489.16),
(250595068, '2018-04-22', 19338.7),
(215885891, '2018-04-22', 1995.91),
(179863950, '2018-04-22', 1238.24),
(156972404, '2018-04-22', 1292.91),
(146236835, '2018-04-22', 1189.4),
(131588334, '2018-04-22', 2783.05),
(117129999, '2018-04-22', 1310.17),
(45548804, '2018-04-22', 1112.8),
(-84205183, '2018-04-22', 3210.98),
(-131723537, '2018-04-22', 2225.91),
(-150760254, '2018-04-22', 1966.73),
(-154527242, '2018-04-22', 1035.18),
(-169158337, '2018-04-22', 5.68),
(-170395512, '2018-04-22', 3370),
(-178256200, '2018-04-22', 2219.31),
(-184691442, '2018-04-22', 1897.38),
(-209180468, '2018-04-22', 1258.73),
(-240459899, '2018-04-22', 4727.64),
(-252023954, '2018-04-22', 1216.65),
(-304314538, '2018-04-22', 1249.88),
(-386643354, '2018-04-22', 1097.44),
(-503273693, '2018-04-22', 1361.57),
(-603669986, '2018-04-22', -4.02),
(-636300949, '2018-04-22', 1014.37),
(-722066834, '2018-04-22', 1579.95),
(-768903940, '2018-04-22', 1310.92),
(-902209630, '2018-04-22', 1307.79),
(-913682379, '2018-04-22', 1311.46),
(-1052777232, '2018-04-22', 857.16),
(-1063093549, '2018-04-22', 1142.24),
(-1084093348, '2018-04-22', 1062.32),
(-1197234858, '2018-04-22', -1.35),
(-1233021900, '2018-04-22', 2531.84),
(-1243273691, '2018-04-22', 1506.63),
(-1266772810, '2018-04-22', 61236.1),
(-1273517016, '2018-04-22', 1063.22),
(-1382631163, '2018-04-22', 1157.9),
(-1428321882, '2018-04-22', 1468.68),
(-1444021734, '2018-04-22', 1059.17),
(-1574408133, '2018-04-22', 1403.25),
(-1665254879, '2018-04-22', 2591.86),
(-1694207043, '2018-04-22', 1149.06),
(-1731187556, '2018-04-22', 1414.05),
(-1735509296, '2018-04-22', 27682.7),
(-1764255880, '2018-04-22', 1390.82),
(-1766554915, '2018-04-22', 1683.8),
(-1868984126, '2018-04-22', 1159.47),
(-1965545938, '2018-04-22', 2677.46),
(-1979781534, '2018-04-22', 717.43),
(-1985600154, '2018-04-22', 1403.51),
(-1991736056, '2018-04-22', 1895.7),
(-2025014905, '2018-04-22', 1413.69),
(-2102994690, '2018-04-22', 1353.64),
(-2110596264, '2018-04-22', 1785.72),
(2146081376, '2018-04-23', 939.94),
(2100181685, '2018-04-23', 4574.72),
(2032842992, '2018-04-23', 1337.44),
(1968497364, '2018-04-23', 3718.23),
(1944147622, '2018-04-23', 1720.3),
(1863622758, '2018-04-23', 1202.17),
(1835924523, '2018-04-23', 1398.88),
(1828255194, '2018-04-23', 1398.26),
(1813755805, '2018-04-23', 1165.59),
(1811434639, '2018-04-23', 1688.58),
(1782876047, '2018-04-23', 1155.59),
(1780921220, '2018-04-23', 2626.58),
(1763556359, '2018-04-23', 4911.48),
(1694456763, '2018-04-23', 2523.85),
(1681502332, '2018-04-23', 2084.78),
(1667907673, '2018-04-23', 1345.07),
(1658116688, '2018-04-23', 1.1),
(1582991564, '2018-04-23', 1228.89),
(1580969741, '2018-04-23', 1244.62),
(1574925428, '2018-04-23', 981.76),
(1520500823, '2018-04-23', 1109.65),
(1463145989, '2018-04-23', 937.78),
(1427423528, '2018-04-23', 2080.01),
(1287250106, '2018-04-23', 2012.08),
(1222347748, '2018-04-23', 1299.06),
(1192288771, '2018-04-23', 900.72),
(1187269281, '2018-04-23', 27920.5),
(1144667465, '2018-04-23', 12613.2),
(999298920, '2018-04-23', 1358.22),
(922873373, '2018-04-23', 4283.2),
(910314559, '2018-04-23', 1119.18),
(908791603, '2018-04-23', 3139.88),
(737829821, '2018-04-23', 1314.32),
(714001072, '2018-04-23', 1377.27),
(713430031, '2018-04-23', 1220.6),
(708827267, '2018-04-23', 1181.95),
(704323798, '2018-04-23', 1526.37),
(701376180, '2018-04-23', 1326.09),
(675978418, '2018-04-23', 5.49),
(652991974, '2018-04-23', 1425.95),
(566542855, '2018-04-23', 1196.79),
(531967213, '2018-04-23', 1235.01),
(498621209, '2018-04-23', 2275.81),
(357159372, '2018-04-23', 1065.22),
(342054864, '2018-04-23', 1125.87),
(340525261, '2018-04-23', 1489.17),
(250595068, '2018-04-23', 19340.8),
(215885891, '2018-04-23', 2000.67),
(179863950, '2018-04-23', 1238.69),
(156972404, '2018-04-23', 1297.05),
(146236835, '2018-04-23', 1186.94),
(131588334, '2018-04-23', 2786.34),
(117129999, '2018-04-23', 1307.95),
(45548804, '2018-04-23', 1116.61),
(-84205183, '2018-04-23', 3215.94),
(-131723537, '2018-04-23', 2221.69),
(-150760254, '2018-04-23', 1965.53),
(-154527242, '2018-04-23', 1038.19),
(-169158337, '2018-04-23', 1.37),
(-170395512, '2018-04-23', 3368.6),
(-178256200, '2018-04-23', 2218.27),
(-184691442, '2018-04-23', 1900.91),
(-209180468, '2018-04-23', 1263.07),
(-240459899, '2018-04-23', 4729.55),
(-252023954, '2018-04-23', 1220.53),
(-304314538, '2018-04-23', 1249.61),
(-386643354, '2018-04-23', 1092.92),
(-503273693, '2018-04-23', 1365.63),
(-603669986, '2018-04-23', -2.16),
(-636300949, '2018-04-23', 1014.92),
(-722066834, '2018-04-23', 1583.39),
(-768903940, '2018-04-23', 1307.83),
(-902209630, '2018-04-23', 1310.51),
(-913682379, '2018-04-23', 1308.61),
(-1052777232, '2018-04-23', 855.89),
(-1063093549, '2018-04-23', 1138.88),
(-1084093348, '2018-04-23', 1061.73),
(-1197234858, '2018-04-23', 0.96),
(-1233021900, '2018-04-23', 2531.82),
(-1243273691, '2018-04-23', 1509.58),
(-1266772810, '2018-04-23', 61232.1),
(-1273517016, '2018-04-23', 1065.05),
(-1382631163, '2018-04-23', 1160.14),
(-1428321882, '2018-04-23', 1473.47),
(-1444021734, '2018-04-23', 1063.72),
(-1574408133, '2018-04-23', 1404.88),
(-1665254879, '2018-04-23', 2594.54),
(-1694207043, '2018-04-23', 1151.61),
(-1731187556, '2018-04-23', 1415.93),
(-1735509296, '2018-04-23', 27683.2),
(-1764255880, '2018-04-23', 1392.4),
(-1766554915, '2018-04-23', 1681.55),
(-1868984126, '2018-04-23', 1164.27),
(-1965545938, '2018-04-23', 2677.71),
(-1979781534, '2018-04-23', 721.9),
(-1985600154, '2018-04-23', 1398.79),
(-1991736056, '2018-04-23', 1892.75),
(-2025014905, '2018-04-23', 1416),
(-2102994690, '2018-04-23', 1352.88),
(-2110596264, '2018-04-23', 1781.84),
(-2110596264, '2018-04-24', 1786.06),
(-2110596264, '2018-04-24', 1786.06),
(-2102994690, '2018-04-24', 1350.72),
(-2102994690, '2018-04-24', 1350.72),
(-2025014905, '2018-04-24', 1417.47),
(-2025014905, '2018-04-24', 1417.47),
(-1991736056, '2018-04-24', 1889.14),
(-1991736056, '2018-04-24', 1889.14),
(-1985600154, '2018-04-24', 1402.51),
(-1985600154, '2018-04-24', 1402.51),
(-1979781534, '2018-04-24', 723.76),
(-1979781534, '2018-04-24', 723.76),
(-1965545938, '2018-04-24', 2677.45),
(-1965545938, '2018-04-24', 2677.45),
(-1868984126, '2018-04-24', 1159.28),
(-1868984126, '2018-04-24', 1159.28),
(-1766554915, '2018-04-24', 1678.4),
(-1766554915, '2018-04-24', 1678.4),
(-1764255880, '2018-04-24', 1395.11),
(-1764255880, '2018-04-24', 1395.11),
(-1735509296, '2018-04-24', 27679.9),
(-1735509296, '2018-04-24', 27679.9),
(-1731187556, '2018-04-24', 1420.29),
(-1731187556, '2018-04-24', 1420.29),
(-1694207043, '2018-04-24', 1155.49),
(-1694207043, '2018-04-24', 1155.49),
(-1665254879, '2018-04-24', 2592.61),
(-1665254879, '2018-04-24', 2592.61),
(-1574408133, '2018-04-24', 1408),
(-1574408133, '2018-04-24', 1408),
(-1444021734, '2018-04-24', 1065.37),
(-1444021734, '2018-04-24', 1065.37),
(-1428321882, '2018-04-24', 1470.12),
(-1428321882, '2018-04-24', 1470.12),
(-1382631163, '2018-04-24', 1159.91),
(-1382631163, '2018-04-24', 1159.91),
(-1273517016, '2018-04-24', 1060.26),
(-1273517016, '2018-04-24', 1060.26),
(-1266772810, '2018-04-24', 61235.4),
(-1266772810, '2018-04-24', 61235.4),
(-1243273691, '2018-04-24', 1511.64),
(-1243273691, '2018-04-24', 1511.64),
(-1233021900, '2018-04-24', 2527.55),
(-1233021900, '2018-04-24', 2527.55),
(-1197234858, '2018-04-24', 1.13),
(-1197234858, '2018-04-24', 1.13),
(-1084093348, '2018-04-24', 1060.67),
(-1084093348, '2018-04-24', 1060.67),
(-1063093549, '2018-04-24', 1143.7),
(-1063093549, '2018-04-24', 1143.7),
(-1052777232, '2018-04-24', 853.46),
(-1052777232, '2018-04-24', 853.46),
(-913682379, '2018-04-24', 1307.26),
(-913682379, '2018-04-24', 1307.26),
(-902209630, '2018-04-24', 1311.75),
(-902209630, '2018-04-24', 1311.75),
(-768903940, '2018-04-24', 1310.95),
(-768903940, '2018-04-24', 1310.95),
(-722066834, '2018-04-24', 1580.28),
(-722066834, '2018-04-24', 1580.28),
(-636300949, '2018-04-24', 1011.84),
(-636300949, '2018-04-24', 1011.84),
(-603669986, '2018-04-24', 1.35),
(-603669986, '2018-04-24', 1.35),
(-503273693, '2018-04-24', 1365.3),
(-503273693, '2018-04-24', 1365.3),
(-386643354, '2018-04-24', 1097.23),
(-386643354, '2018-04-24', 1097.23),
(-304314538, '2018-04-24', 1246.22),
(-304314538, '2018-04-24', 1246.22),
(-252023954, '2018-04-24', 1221.97),
(-252023954, '2018-04-24', 1221.97),
(-240459899, '2018-04-24', 4728.49),
(-240459899, '2018-04-24', 4728.49),
(-209180468, '2018-04-24', 1259.21),
(-209180468, '2018-04-24', 1259.21),
(-184691442, '2018-04-24', 1904.55),
(-184691442, '2018-04-24', 1904.55),
(-178256200, '2018-04-24', 2217.04),
(-178256200, '2018-04-24', 2217.04),
(-170395512, '2018-04-24', 3371.72),
(-170395512, '2018-04-24', 3371.72),
(-169158337, '2018-04-24', 1.7),
(-169158337, '2018-04-24', 1.7),
(-154527242, '2018-04-24', 1035.05),
(-154527242, '2018-04-24', 1035.05),
(-150760254, '2018-04-24', 1964.65),
(-131723537, '2018-04-24', 2225.43),
(-150760254, '2018-04-24', 1964.65),
(-84205183, '2018-04-24', 3215.02),
(-131723537, '2018-04-24', 2225.43),
(45548804, '2018-04-24', 1115.14),
(-84205183, '2018-04-24', 3215.02),
(45548804, '2018-04-24', 1115.14),
(117129999, '2018-04-24', 1305.81),
(117129999, '2018-04-24', 1305.81),
(131588334, '2018-04-24', 2784.19),
(131588334, '2018-04-24', 2784.19),
(146236835, '2018-04-24', 1187.49),
(146236835, '2018-04-24', 1187.49),
(156972404, '2018-04-24', 1299.8),
(156972404, '2018-04-24', 1299.8),
(179863950, '2018-04-24', 1239.27),
(179863950, '2018-04-24', 1239.27),
(215885891, '2018-04-24', 2003.7),
(215885891, '2018-04-24', 2003.7),
(250595068, '2018-04-24', 19344),
(250595068, '2018-04-24', 19344),
(340525261, '2018-04-24', 1486.07),
(340525261, '2018-04-24', 1486.07),
(342054864, '2018-04-24', 1127.56),
(342054864, '2018-04-24', 1127.56),
(357159372, '2018-04-24', 1066.7),
(357159372, '2018-04-24', 1066.7),
(498621209, '2018-04-24', 2274.69),
(498621209, '2018-04-24', 2274.69),
(531967213, '2018-04-24', 1232.25),
(531967213, '2018-04-24', 1232.25),
(566542855, '2018-04-24', 1201.77),
(566542855, '2018-04-24', 1201.77),
(652991974, '2018-04-24', 1424.4),
(652991974, '2018-04-24', 1424.4),
(675978418, '2018-04-24', 1.15),
(675978418, '2018-04-24', 1.15),
(701376180, '2018-04-24', 1328.43),
(701376180, '2018-04-24', 1328.43),
(704323798, '2018-04-24', 1529.7),
(704323798, '2018-04-24', 1529.7),
(708827267, '2018-04-24', 1178.53),
(708827267, '2018-04-24', 1178.53),
(713430031, '2018-04-24', 1219.69),
(713430031, '2018-04-24', 1219.69),
(714001072, '2018-04-24', 1380.79),
(714001072, '2018-04-24', 1380.79),
(737829821, '2018-04-24', 1318.28),
(737829821, '2018-04-24', 1318.28),
(908791603, '2018-04-24', 3139.85),
(908791603, '2018-04-24', 3139.85),
(910314559, '2018-04-24', 1116.25),
(910314559, '2018-04-24', 1116.25),
(922873373, '2018-04-24', 4287.55),
(922873373, '2018-04-24', 4287.55),
(999298920, '2018-04-24', 1353.44),
(999298920, '2018-04-24', 1353.44),
(1144667465, '2018-04-24', 12611.5),
(1144667465, '2018-04-24', 12611.5),
(1187269281, '2018-04-24', 27922.1),
(1187269281, '2018-04-24', 27922.1),
(1192288771, '2018-04-24', 900.77),
(1192288771, '2018-04-24', 900.77),
(1222347748, '2018-04-24', 1296.95),
(1222347748, '2018-04-24', 1296.95),
(1287250106, '2018-04-24', 2009.72),
(1287250106, '2018-04-24', 2009.72),
(1427423528, '2018-04-24', 2080.24),
(1427423528, '2018-04-24', 2080.24),
(1463145989, '2018-04-24', 942.37),
(1463145989, '2018-04-24', 942.37),
(1520500823, '2018-04-24', 1105.54),
(1520500823, '2018-04-24', 1105.54),
(1574925428, '2018-04-24', 983.42),
(1574925428, '2018-04-24', 983.42),
(1580969741, '2018-04-24', 1244.56),
(1580969741, '2018-04-24', 1244.56),
(1582991564, '2018-04-24', 1232.65),
(1582991564, '2018-04-24', 1232.65),
(1658116688, '2018-04-24', 1.14),
(1658116688, '2018-04-24', 1.14),
(1667907673, '2018-04-24', 1344.03),
(1667907673, '2018-04-24', 1344.03),
(1681502332, '2018-04-24', 2089.39),
(1681502332, '2018-04-24', 2089.39),
(1694456763, '2018-04-24', 2521.04),
(1694456763, '2018-04-24', 2521.04),
(1763556359, '2018-04-24', 4914.14),
(1763556359, '2018-04-24', 4914.14),
(1780921220, '2018-04-24', 2630.15),
(1780921220, '2018-04-24', 2630.15),
(1782876047, '2018-04-24', 1157.17),
(1782876047, '2018-04-24', 1157.17),
(1811434639, '2018-04-24', 1684.13),
(1811434639, '2018-04-24', 1684.13),
(1813755805, '2018-04-24', 1168.49),
(1813755805, '2018-04-24', 1168.49),
(1828255194, '2018-04-24', 1399.34),
(1828255194, '2018-04-24', 1399.34),
(1835924523, '2018-04-24', 1397.44),
(1835924523, '2018-04-24', 1397.44),
(1863622758, '2018-04-24', 1197.92),
(1863622758, '2018-04-24', 1197.92),
(1944147622, '2018-04-24', 1723.41),
(1944147622, '2018-04-24', 1723.41),
(1968497364, '2018-04-24', 3716.88),
(1968497364, '2018-04-24', 3716.88),
(2032842992, '2018-04-24', 1341.45),
(2032842992, '2018-04-24', 1341.45),
(2100181685, '2018-04-24', 4578.58),
(2100181685, '2018-04-24', 4578.58),
(2146081376, '2018-04-24', 935.86),
(2146081376, '2018-04-24', 935.86),
(-2110596264, '2018-04-25', 1783.43),
(-2102994690, '2018-04-25', 1349.72),
(-2025014905, '2018-04-25', 1412.14),
(-1991736056, '2018-04-25', 1889.97),
(-1985600154, '2018-04-25', 1398.63),
(-1979781534, '2018-04-25', 722.1),
(-1965545938, '2018-04-25', 2680.9),
(-1868984126, '2018-04-25', 1150.77),
(-1766554915, '2018-04-25', 1667.89),
(-1764255880, '2018-04-25', 1399.73),
(-1735509296, '2018-04-25', 27675.8),
(-1731187556, '2018-04-25', 1417.69),
(-1694207043, '2018-04-25', 1156.05),
(-1665254879, '2018-04-25', 2593.55),
(-1574408133, '2018-04-25', 1410.19),
(-1444021734, '2018-04-25', 1068.77),
(-1428321882, '2018-04-25', 1476.45),
(-1382631163, '2018-04-25', 1160.63),
(-1273517016, '2018-04-25', 1052.54),
(-1266772810, '2018-04-25', 61238.4),
(-1243273691, '2018-04-25', 1507.77),
(-1233021900, '2018-04-25', 2528.14),
(-1197234858, '2018-04-25', 8.49),
(-1084093348, '2018-04-25', 1063.36),
(-1063093549, '2018-04-25', 1150.01),
(-1052777232, '2018-04-25', 864.69),
(-913682379, '2018-04-25', 1305.55),
(-902209630, '2018-04-25', 1304.68),
(-768903940, '2018-04-25', 1303.48),
(-722066834, '2018-04-25', 1581.76),
(-636300949, '2018-04-25', 1006.67),
(-603669986, '2018-04-25', 2.51),
(-503273693, '2018-04-25', 1372.16),
(-386643354, '2018-04-25', 1095.6),
(-304314538, '2018-04-25', 1242.9),
(-252023954, '2018-04-25', 1224.33),
(-240459899, '2018-04-25', 4719.16),
(-209180468, '2018-04-25', 1259.49),
(-184691442, '2018-04-25', 1899.07),
(-178256200, '2018-04-25', 2216.43),
(-170395512, '2018-04-25', 3364.83),
(-169158337, '2018-04-25', 0),
(-154527242, '2018-04-25', 1035.36),
(-150760254, '2018-04-25', 1967.81),
(-131723537, '2018-04-25', 2225.41),
(-84205183, '2018-04-25', 3206.6),
(45548804, '2018-04-25', 1113.83),
(117129999, '2018-04-25', 1304.33),
(131588334, '2018-04-25', 2783.71),
(146236835, '2018-04-25', 1189.57),
(156972404, '2018-04-25', 1300.06),
(179863950, '2018-04-25', 1239.17),
(215885891, '2018-04-25', 2002.14),
(250595068, '2018-04-25', 19340.4),
(340525261, '2018-04-25', 1484.8),
(342054864, '2018-04-25', 1121.64),
(357159372, '2018-04-25', 1064.42),
(498621209, '2018-04-25', 2282.29),
(531967213, '2018-04-25', 1236.84),
(566542855, '2018-04-25', 1200.77),
(652991974, '2018-04-25', 1426.86),
(675978418, '2018-04-25', 2.74),
(701376180, '2018-04-25', 1331.34),
(704323798, '2018-04-25', 1538.4),
(708827267, '2018-04-25', 1178.59),
(713430031, '2018-04-25', 1224.1),
(714001072, '2018-04-25', 1377.35),
(737829821, '2018-04-25', 1323.43),
(908791603, '2018-04-25', 3132.67),
(910314559, '2018-04-25', 1120.67),
(922873373, '2018-04-25', 4290.24),
(999298920, '2018-04-25', 1349.01),
(1144667465, '2018-04-25', 12609.9),
(1187269281, '2018-04-25', 27923.2),
(1192288771, '2018-04-25', 891.09),
(1222347748, '2018-04-25', 1298.34),
(1287250106, '2018-04-25', 2002.68),
(1427423528, '2018-04-25', 2085.5),
(1463145989, '2018-04-25', 941.05),
(1520500823, '2018-04-25', 1107.65),
(1574925428, '2018-04-25', 984.87),
(1580969741, '2018-04-25', 1242.7),
(1582991564, '2018-04-25', 1236.56),
(1658116688, '2018-04-25', 1.89),
(1667907673, '2018-04-25', 1337.4),
(1681502332, '2018-04-25', 2096.94),
(1694456763, '2018-04-25', 2518.04),
(1763556359, '2018-04-25', 4922.63),
(1780921220, '2018-04-25', 2629.22),
(1782876047, '2018-04-25', 1163.28),
(1811434639, '2018-04-25', 1689.12),
(1813755805, '2018-04-25', 1166.52),
(1828255194, '2018-04-25', 1396.77),
(1835924523, '2018-04-25', 1396.23),
(1863622758, '2018-04-25', 1191.71),
(1944147622, '2018-04-25', 1717.25),
(1968497364, '2018-04-25', 3717.55),
(2032842992, '2018-04-25', 1342.64),
(2100181685, '2018-04-25', 4584.24),
(2146081376, '2018-04-25', 942.53);

-- --------------------------------------------------------

--
-- Table structure for table `jenis_transaksi`
--

CREATE TABLE `jenis_transaksi` (
  `id` tinyint(1) UNSIGNED NOT NULL,
  `jenis_transaksi` varchar(10) NOT NULL
) ENGINE=InnoDB DEFAULT CHARSET=latin1;

--
-- Dumping data for table `jenis_transaksi`
--

INSERT INTO `jenis_transaksi` (`id`, `jenis_transaksi`) VALUES
(1, 'pembelian'),
(2, 'penjualan'),
(3, 'pengalihan');

-- --------------------------------------------------------

--
-- Table structure for table `klien`
--

CREATE TABLE `klien` (
  `id` varchar(200) NOT NULL,
  `email` varchar(200) NOT NULL,
  `password` varchar(200) NOT NULL,
  `tanggal_lahir` date NOT NULL,
  `nomor_ponsel` varchar(20) NOT NULL,
  `penghasilan_pertahun` bigint(20) UNSIGNED NOT NULL,
  `id_profil_resiko` tinyint(1) UNSIGNED NOT NULL,
  `bank` varchar(70) NOT NULL,
  `cabang` varchar(70) NOT NULL,
  `nomor_rekening` varchar(70) NOT NULL,
  `nama_pemilik_rekening` varchar(100) NOT NULL,
  `id_mata_uang` char(3) NOT NULL
) ENGINE=InnoDB DEFAULT CHARSET=latin1;

--
-- Dumping data for table `klien`
--

INSERT INTO `klien` (`id`, `email`, `password`, `tanggal_lahir`, `nomor_ponsel`, `penghasilan_pertahun`, `id_profil_resiko`, `bank`, `cabang`, `nomor_rekening`, `nama_pemilik_rekening`, `id_mata_uang`) VALUES
('7bca52fb54da17b7b0ea4f25af2c7c02', 'rizqiirfan23@gmail.com', '60f73b0e259e97160e1e4b30b384fa9f2299f7af', '2010-03-01', '089898989898', 2000000000, 3, 'bni', 'bandung', '1230819998', '16', 'idr'),
('7fc162ba3cc26077924a93c9e394056f', 'iqbal@gmail.com', '606477d773b5a1ca37198775d2be322190030a4a', '2004-03-10', '0893284', 100000000, 3, 'bri', 'malang', '123456789', 'iqbal', 'idr'),
('b98b0c0c0a23210a9b77e2a02b35a818', 'klien2@gmail.com', '7ac787f78b499df07d9aca8221fb2a72280723ed', '1997-09-16', '57567675656774', 360000, 2, 'BNI', 'UB', '674712834297', 'klien2', 'IDR'),
('c97ebb3665342196c4da7c524a7754a8', 'klien@gmail.com', 'f091d4696a7d0b3b7dc32fdb1a0adf26572491d5', '1999-02-03', '09937139232', 100000, 3, 'BRI', 'UM', '9999999999', 'klien1', 'IDR');

-- --------------------------------------------------------

--
-- Table structure for table `last_update`
--

CREATE TABLE `last_update` (
  `tanggal` date NOT NULL
) ENGINE=MyISAM DEFAULT CHARSET=latin1;

--
-- Dumping data for table `last_update`
--

INSERT INTO `last_update` (`tanggal`) VALUES
('2018-04-26');

-- --------------------------------------------------------

--
-- Table structure for table `mata_uang`
--

CREATE TABLE `mata_uang` (
  `id_mata_uang` char(3) NOT NULL,
  `nama_mata_uang` varchar(50) NOT NULL
) ENGINE=InnoDB DEFAULT CHARSET=latin1;

--
-- Dumping data for table `mata_uang`
--

INSERT INTO `mata_uang` (`id_mata_uang`, `nama_mata_uang`) VALUES
('IDR', 'Rupiah Indonesia');

-- --------------------------------------------------------

--
-- Stand-in structure for view `perkembangan`
-- (See below for the actual view)
--
CREATE TABLE `perkembangan` (
`id_reksadana` int(30)
,`tanggal` date
,`nab` float
,`reksadana` varchar(200)
);

-- --------------------------------------------------------

--
-- Table structure for table `profil_resiko`
--

CREATE TABLE `profil_resiko` (
  `id` tinyint(1) UNSIGNED NOT NULL,
  `profil_resiko` varchar(20) NOT NULL
) ENGINE=InnoDB DEFAULT CHARSET=latin1;

--
-- Dumping data for table `profil_resiko`
--

INSERT INTO `profil_resiko` (`id`, `profil_resiko`) VALUES
(1, 'Rendah'),
(2, 'Menengah'),
(3, 'Tinggi');

-- --------------------------------------------------------

--
-- Table structure for table `reksadana`
--

CREATE TABLE `reksadana` (
  `id` int(30) NOT NULL,
  `reksadana` varchar(200) NOT NULL,
  `jenis` varchar(20) NOT NULL,
  `nab` float UNSIGNED NOT NULL,
  `1hr` decimal(5,2) NOT NULL,
  `1bln` decimal(5,2) NOT NULL,
  `YTD` decimal(5,2) NOT NULL,
  `1th` decimal(5,2) NOT NULL,
  `3th` decimal(5,2) NOT NULL,
  `rating` tinyint(1) UNSIGNED NOT NULL
) ENGINE=InnoDB DEFAULT CHARSET=latin1;

--
-- Dumping data for table `reksadana`
--

INSERT INTO `reksadana` (`id`, `reksadana`, `jenis`, `nab`, `1hr`, `1bln`, `YTD`, `1th`, `3th`, `rating`) VALUES
(-2110596264, 'KAM Kapital Optimal', 'Saham', 1786.8, '2.38', '-2.90', '-8.67', '28.97', '0.00', 2),
(-2102994690, 'Mandiri Investa Pasar Uang', 'Pasar Uang', 1351.31, '0.01', '0.36', '1.14', '5.01', '18.56', 3),
(-2025014905, 'Manulife Indonesia Money Market Fund', 'Pasar Uang', 1407.83, '0.01', '0.41', '1.29', '5.83', '21.69', 5),
(-1991736056, 'Danareksa Mawar Konsumer 10', 'Saham', 1889.79, '-0.04', '-7.33', '-4.89', '7.28', '9.83', 4),
(-1985600154, 'Batavia Dana Obligasi Optimal', 'Pendapatan Tetap', 1397.32, '0.06', '-0.65', '-0.61', '8.85', '0.00', 5),
(-1979781534, 'Mandiri Dynamic Equity', 'Saham', 719.17, '-0.24', '-5.95', '0.86', '-8.37', '-36.34', 2),
(-1965545938, 'HPAM Ultima Ekuitas 1', 'Saham', 2684.84, '0.06', '-7.48', '-0.19', '11.60', '34.28', 3),
(-1868984126, 'Mandiri Obligasi Utama', 'Pendapatan Tetap', 1150.35, '0.08', '-0.29', '0.39', '10.36', '9.11', 5),
(-1766554915, 'Ashmore Dana Progresif Nusantara', 'Saham', 1663.99, '-0.86', '-6.93', '2.51', '8.57', '14.38', 5),
(-1764255880, 'BNP Paribas Proxima', 'Pendapatan Tetap', 1398.91, '0.08', '-0.57', '-0.78', '8.69', '24.93', 4),
(-1735509296, 'CIMB-Principal Bond', 'Pendapatan Tetap', 27678.1, '0.07', '-0.31', '0.25', '9.74', '41.33', 1),
(-1731187556, 'Manulife Dana Saham Utama', 'Saham', 1421.84, '0.03', '-8.17', '-1.02', '15.03', '0.00', 2),
(-1694207043, 'Batavia Obligasi Platinum', 'Pendapatan Tetap', 1152.4, '0.13', '-0.87', '-1.37', '2.91', '0.00', 2),
(-1665254879, 'Manulife Obligasi Unggulan', 'Pendapatan Tetap', 2594.66, '-0.02', '-0.81', '-0.52', '8.88', '24.50', 4),
(-1574408133, 'Bahana Dana Likuid', 'Pasar Uang', 1407.61, '0.01', '0.37', '1.23', '6.07', '21.62', 5),
(-1444021734, 'Mandiri Investa Kapital Atraktif', 'Pasar Uang', 1070.88, '-0.21', '0.01', '-0.44', '0.20', '2.62', 2),
(-1428321882, 'Batavia Dana Obligasi Andalan', 'Pendapatan Tetap', 1476.4, '0.10', '-0.58', '-0.56', '9.94', '26.64', 4),
(-1382631163, 'Capital Money Market Fund', 'Pasar Uang', 1158.81, '0.01', '0.41', '1.37', '6.32', '0.00', 4),
(-1273517016, 'Danareksa Mawar Ekuitas Plus', 'Saham', 1054.04, '-0.04', '-7.60', '-5.44', '6.18', '0.00', 4),
(-1266772810, 'Batavia Dana Saham', 'Saham', 61243.1, '0.00', '-7.11', '-1.89', '13.03', '13.08', 5),
(-1243273691, 'Mandiri Saham Atraktif ', 'Saham', 1506.13, '0.13', '-7.98', '-5.91', '11.31', '13.03', 5),
(-1233021900, 'Makara Prima', 'Pendapatan Tetap', 2529.27, '0.13', '-1.00', '-1.23', '6.28', '24.07', 5),
(-1197234858, 'Manulife USD Fixed Income', 'Pendapatan Tetap', 6.35, '0.07', '-0.24', '-3.02', '-0.74', '3.99', 2),
(-1084093348, 'Capital Balanced Fund', 'Campuran', 1061.62, '0.86', '0.35', '1.07', '14.17', '0.00', 2),
(-1063093549, 'Danareksa Pendapatan Tetap Indonesia Sehat', 'Pendapatan Tetap', 1146.13, '0.09', '-0.77', '-1.43', '7.79', '0.00', 4),
(-1052777232, 'Millenium Equity Prima Plus', 'Saham', 866.41, '3.84', '-1.57', '-6.28', '45.50', '4.70', 2),
(-913682379, 'Bahana Income Stream', 'Pendapatan Tetap', 1306.58, '0.06', '-0.67', '-0.57', '9.96', '0.00', 5),
(-902209630, 'Eastspring Investments Value Discovery', 'Saham', 1305.99, '-0.14', '-7.56', '-2.54', '10.11', '10.78', 5),
(-768903940, 'HPAM Investa Ekuitas Strategis', 'Saham', 1306.94, '1.04', '-3.54', '-7.60', '5.80', '0.00', 4),
(-722066834, 'Ashmore Dana Ekuitas Nusantara', 'Saham', 1579.27, '-0.77', '-6.81', '-1.69', '11.80', '18.09', 5),
(-636300949, 'HPAM Syariah Ekuitas', 'Saham', 1004.19, '5.13', '-3.32', '-12.04', '-8.22', '-2.22', 2),
(-603669986, 'Manulife Saham Syariah Asia Pasifik Dollar AS', 'Saham', 6.5, '0.74', '-1.10', '1.39', '18.15', '0.00', 2),
(-503273693, 'Batavia Dana Kas Maxima', 'Pasar Uang', 1368.59, '0.01', '0.36', '1.15', '5.17', '19.04', 3),
(-386643354, 'Bahana Liquid Priority Fund', 'Pasar Uang', 1096.56, '0.01', '0.00', '-0.35', '0.04', '5.51', 2),
(-304314538, 'Batavia Dana Obligasi Gemilang', 'Pendapatan Tetap', 1245.22, '-0.58', '-0.71', '-1.11', '6.91', '0.00', 4),
(-252023954, 'Batavia Prima Obligasi', 'Pendapatan Tetap', 1228.07, '0.06', '-0.56', '-0.30', '1.30', '8.22', 2),
(-240459899, 'First State Indoequity Dividend Yield Fund', 'Saham', 4716.42, '0.06', '-7.10', '-6.12', '8.23', '7.53', 5),
(-209180468, 'Bahana Primavera Fund 99', 'Saham', 1258.94, '0.02', '-7.61', '-3.14', '13.01', '16.10', 5),
(-184691442, 'Manulife Dana Tetap Utama', 'Pendapatan Tetap', 1898.34, '0.10', '-0.61', '-0.40', '11.99', '28.26', 4),
(-178256200, 'BNP Paribas Solaris', 'Saham', 2215.65, '0.00', '-5.51', '0.38', '6.40', '-1.94', 3),
(-170395512, 'Bahana Makara Abadi', 'Pendapatan Tetap', 3362.38, '0.10', '-0.57', '-0.58', '9.70', '26.31', 4),
(-169158337, 'Danamas Dollar', 'Pendapatan Tetap', 0, '0.01', '0.21', '0.65', '2.73', '9.10', 2),
(-154527242, 'Danareksa Seruni Pasar Uang VI', 'Pasar Uang', 1038.11, '0.01', '-0.02', '-0.98', '-0.64', '1.37', 2),
(-150760254, 'Cipta Balance', 'Campuran', 1971.12, '0.64', '-8.62', '-8.87', '-27.97', '21.63', 1),
(-131723537, 'Mandiri Investa Dana Pendapatan Optimal', 'Pendapatan Tetap', 2222.63, '-0.57', '-0.89', '-1.84', '0.02', '-0.62', 2),
(-84205183, 'BNP Paribas Infrastruktur Plus', 'Saham', 3204.85, '0.01', '-6.57', '-3.19', '9.63', '0.77', 5),
(45548804, 'Bahana Regular Income Fund', 'Pendapatan Tetap', 1112.87, '0.03', '-0.65', '-0.41', '2.26', '0.00', 2),
(117129999, 'Mandiri Obligasi Optima', 'Pendapatan Tetap', 1305.31, '0.05', '-0.83', '-0.66', '8.86', '0.00', 5),
(131588334, 'Manulife Dana Campuran II', 'Campuran', 2783.46, '0.10', '-4.48', '-3.17', '4.91', '9.06', 4),
(146236835, 'Bahana Sukuk Syariah', 'Pendapatan Tetap', 1191.85, '0.08', '-0.16', '-0.07', '11.04', '0.00', 5),
(156972404, 'Minna Padi Pasopati Saham', 'Saham', 1303.46, '0.67', '5.95', '5.20', '18.22', '0.00', 2),
(179863950, 'Eastspring IDR Fixed Income Fund', 'Pendapatan Tetap', 1237.62, '0.08', '-0.59', '-0.61', '8.34', '23.07', 4),
(215885891, 'Manulife Saham Andalan', 'Saham', 1999.86, '-0.04', '-7.23', '-0.82', '6.17', '1.92', 4),
(250595068, 'BNP Paribas Ekuitas', 'Saham', 19342.2, '-0.05', '-7.37', '-5.55', '5.76', '2.97', 4),
(340525261, 'BNI-AM Pendapatan Tetap', 'Pendapatan Tetap', 1480.3, '-1.03', '-0.69', '-0.12', '7.27', '24.49', 5),
(342054864, 'Batavia Dana Obligasi Unggulan', 'Pendapatan Tetap', 1120.84, '0.10', '-1.40', '-1.58', '1.62', '0.00', 2),
(357159372, 'Mandiri Obligasi Utama 2', 'Pendapatan Tetap', 1063.5, '0.07', '-0.54', '-0.04', '6.54', '0.00', 4),
(498621209, 'BNP Paribas Prima II', 'Pendapatan Tetap', 2286.97, '0.12', '-0.89', '-1.04', '7.13', '17.33', 3),
(531967213, 'Danareksa Melati Pendapatan Utama II', 'Pendapatan Tetap', 1239.51, '0.09', '-0.51', '-2.35', '1.87', '0.00', 2),
(566542855, 'Insight Infra Development', 'Pendapatan Tetap', 1204.75, '0.07', '0.07', '1.20', '9.56', '0.00', 5),
(652991974, 'Bahana Prime Income Fund', 'Pendapatan Tetap', 1424.34, '0.13', '-0.57', '-0.55', '11.30', '0.00', 5),
(675978418, 'Manulife Greater Indonesia Fund', 'Saham', 0, '0.38', '-7.61', '-1.85', '4.03', '-0.07', 3),
(701376180, 'Eastspring Investment Cash Reserve', 'Pasar Uang', 1336.2, '0.01', '0.33', '1.07', '4.87', '18.54', 3),
(704323798, 'BNP Paribas Obligasi Plus', 'Pendapatan Tetap', 1540.73, '0.08', '-0.47', '-0.49', '10.43', '9.32', 5),
(708827267, 'KAM Kapital Syariah', 'Saham', 1179.69, '5.37', '1.60', '-10.96', '11.34', '0.00', 5),
(713430031, 'Insight Money', 'Pasar Uang', 1224.68, '0.02', '0.35', '1.35', '7.58', '0.00', 4),
(714001072, 'Maybank Dana Pasar Uang', 'Pasar Uang', 1382.26, '0.02', '0.46', '1.40', '6.36', '21.12', 5),
(737829821, 'Ashmore Dana Obligasi Nusantara', 'Pendapatan Tetap', 1319.03, '-0.46', '-0.68', '-1.90', '7.75', '20.66', 5),
(908791603, 'Danamas Stabil', 'Pendapatan Tetap', 3131.6, '0.02', '0.49', '1.59', '6.76', '22.73', 5),
(910314559, 'Manulife Pendapatan Bulanan II', 'Pendapatan Tetap', 1116.74, '0.03', '-0.58', '-0.50', '1.94', '3.72', 2),
(922873373, 'Dana Obligasi Stabil', 'Pendapatan Tetap', 4290.23, '0.10', '-0.44', '0.11', '10.54', '33.91', 4),
(999298920, 'Danareksa Seruni Pasar Uang II', 'Pasar Uang', 1345.71, '0.01', '0.40', '1.22', '5.23', '19.18', 3),
(1144667465, 'Manulife Dana Saham', 'Saham', 12605.4, '0.02', '-7.68', '-4.37', '6.19', '2.51', 4),
(1187269281, 'BNP Paribas Pesona', 'Saham', 27926.8, '-0.12', '-6.83', '-4.24', '5.45', '6.76', 4),
(1192288771, 'DMI Dana Saham Syariah', 'Saham', 886.59, '3.00', '2.08', '-13.38', '13.58', '0.00', 2),
(1222347748, 'Guru', 'Campuran', 1302.9, '1.33', '-1.56', '-4.91', '0.54', '-3.90', 2),
(1287250106, 'BNP Paribas Maxi Saham', 'Saham', 1997.76, '-0.14', '-7.15', '-4.50', '6.49', '10.18', 3),
(1427423528, 'Manulife Obligasi Negara Indonesia II', 'Pendapatan Tetap', 2083.45, '0.18', '-0.66', '-0.17', '9.50', '22.02', 4),
(1463145989, 'DMI Dana Bertumbuh', 'Saham', 941.07, '2.61', '-6.23', '-7.47', '18.80', '0.00', 2),
(1520500823, 'Maybank Syariah Equity Fund', 'Saham', 1104.53, '-0.06', '-8.69', '-6.94', '-4.52', '0.00', 2),
(1574925428, 'Insight Tunas Bangsa (I-Next G)', 'Campuran', 983.9, '0.08', '-1.82', '-0.99', '7.94', '5.02', 4),
(1580969741, 'Batavia Dana Obligasi Cemerlang', 'Pendapatan Tetap', 1241, '0.07', '-0.57', '-0.49', '2.13', '9.50', 2),
(1582991564, 'Insight Scholarship Fund', 'Pendapatan Tetap', 1232.04, '0.08', '-0.38', '-0.50', '9.02', '21.17', 4),
(1658116688, 'BNP Paribas Prima USD', 'Pendapatan Tetap', 4.5, '0.14', '-0.28', '-2.28', '0.83', '5.14', 2),
(1667907673, 'Mandiri Kapital Prima', 'Pasar Uang', 1333.67, '0.01', '0.43', '1.29', '5.73', '20.45', 5),
(1681502332, 'Kehati Lestari', 'Pendapatan Tetap', 2100.19, '0.02', '-0.89', '-1.86', '7.47', '22.53', 5),
(1694456763, 'BNP Paribas Pesona Syariah', 'Saham', 2521.71, '-0.13', '-7.88', '-4.33', '-2.40', '-1.38', 2),
(1763556359, 'Dana Ekuitas Prima', 'Saham', 4922.66, '0.06', '-8.00', '-5.64', '4.17', '5.00', 4),
(1780921220, 'Mandiri Investa Cerdas', 'Bangsa Saham', 2632.8, '0.16', '-7.61', '-5.52', '6.23', '5.47', 4),
(1782876047, 'Bahana Income Bond Fund', 'Pendapatan Tetap', 1168.16, '0.08', '-0.11', '0.72', '9.91', '11.77', 5),
(1811434639, 'BNI-AM Dana Pasar Uang Kemilau', 'Pasar Uang', 1686.9, '0.01', '0.44', '1.32', '6.25', '68.24', 4),
(1813755805, 'BNI-AM Inspiring Equity Fund', 'Saham', 1170.31, '0.09', '-8.11', '-5.90', '5.29', '2.92', 4),
(1828255194, 'Danareksa Melati Pendapatan Tetap II', 'Pendapatan Tetap', 1395.11, '-0.67', '-0.85', '-1.64', '0.15', '1.72', 2),
(1835924523, 'CIMB-Principal Cash Fund', 'Pasar Uang', 1394.63, '0.02', '0.39', '1.25', '5.81', '21.25', 5),
(1863622758, 'Lancar Victoria Merkurius', 'Pasar Uang', 1195.03, '0.04', '0.44', '1.44', '5.99', '0.00', 4),
(1944147622, 'Millenium MCM Equity Sektoral', 'Saham', 1713.42, '4.22', '0.30', '-8.11', '18.55', '0.00', 2),
(1968497364, 'Danamas Fleksi', 'Campuran', 3719.75, '0.02', '0.53', '1.83', '7.32', '23.55', 5),
(2032842992, 'Danareksa Gebyar Dana Likuid', 'Pasar Uang', 1346.38, '0.01', '0.33', '0.95', '4.40', '18.22', 3),
(2100181685, 'Mandiri Investa Atraktif', 'Saham', 4582.93, '-0.03', '-7.12', '-2.04', '8.61', '3.32', 5),
(2146081376, 'Corfina Investa Saham Syariah', 'Saham', 943.28, '5.31', '-1.27', '-12.05', '-6.19', '0.00', 2);

--
-- Triggers `reksadana`
--
DELIMITER $$
CREATE TRIGGER `insert_up_klien` AFTER INSERT ON `reksadana` FOR EACH ROW BEGIN
	DECLARE i INT(10);
    SET i = 0;
	SELECT COUNT(*) INTO @count_klien FROM klien;
    WHILE @count_klien > 0 DO
    	SELECT klien.id INTO @id_klien FROM klien ORDER BY id LIMIT i, 1;
		INSERT INTO up_klien(id_klien, id_reksadana) VALUES(@id_klien, NEW.id);
        SET i = i+1;
        SET @count_klien = @count_klien - 1;
    END WHILE;
END
$$
DELIMITER ;

-- --------------------------------------------------------

--
-- Table structure for table `reksadana2`
--

CREATE TABLE `reksadana2` (
  `id` int(50) NOT NULL,
  `reksadana` varchar(200) NOT NULL,
  `jenis` varchar(20) NOT NULL,
  `nab` float UNSIGNED NOT NULL,
  `1hr` decimal(5,2) NOT NULL,
  `1bln` decimal(5,2) NOT NULL,
  `YTD` decimal(5,2) NOT NULL,
  `1th` decimal(5,2) NOT NULL,
  `3th` decimal(5,2) NOT NULL,
  `rating` int(5) NOT NULL
) ENGINE=InnoDB DEFAULT CHARSET=latin1;

--
-- Dumping data for table `reksadana2`
--

INSERT INTO `reksadana2` (`id`, `reksadana`, `jenis`, `nab`, `1hr`, `1bln`, `YTD`, `1th`, `3th`, `rating`) VALUES
(-722066834, 'Ashmore Dana Ekuitas Nusantara', 'Saham', 1580.28, '-0.77', '-6.81', '-1.69', '11.80', '18.09', 5),
(737829821, 'Ashmore Dana Obligasi Nusantara', 'Pendapatan Tetap', 1318.28, '-0.46', '-0.68', '-1.90', '7.75', '20.66', 3),
(-1766554915, 'Ashmore Dana Progresif Nusantara', 'Saham', 1678.4, '-0.86', '-6.93', '2.51', '8.57', '14.38', 3),
(1811434639, 'BNI-AM Dana Pasar Uang Kemilau', 'Pasar Uang', 1684.13, '0.01', '0.44', '1.32', '6.25', '68.24', 5),
(1813755805, 'BNI-AM Inspiring Equity Fund', 'Saham', 1168.49, '0.09', '-8.11', '-5.90', '5.29', '2.92', 4),
(340525261, 'BNI-AM Pendapatan Tetap', 'Pendapatan Tetap', 1486.07, '-1.03', '-0.69', '-0.12', '7.27', '24.49', 4),
(250595068, 'BNP Paribas Ekuitas', 'Saham', 19344, '-0.05', '-7.37', '-5.55', '5.76', '2.97', 4),
(-84205183, 'BNP Paribas Infrastruktur Plus', 'Saham', 3215.02, '0.01', '-6.57', '-3.19', '9.63', '0.77', 5),
(1287250106, 'BNP Paribas Maxi Saham', 'Saham', 2009.72, '-0.14', '-7.15', '-4.50', '6.49', '10.18', 4),
(704323798, 'BNP Paribas Obligasi Plus', 'Pendapatan Tetap', 1529.7, '0.08', '-0.47', '-0.49', '10.43', '9.32', 4),
(1187269281, 'BNP Paribas Pesona', 'Saham', 27922.1, '-0.12', '-6.83', '-4.24', '5.45', '6.76', 4),
(1694456763, 'BNP Paribas Pesona Syariah', 'Saham', 2521.04, '-0.13', '-7.88', '-4.33', '-2.40', '-1.38', 2),
(498621209, 'BNP Paribas Prima II', 'Pendapatan Tetap', 2274.69, '0.12', '-0.89', '-1.04', '7.13', '17.33', 3),
(1658116688, 'BNP Paribas Prima USD', 'Pendapatan Tetap', 1.14, '0.14', '-0.28', '-2.28', '0.83', '5.14', 2),
(-1764255880, 'BNP Paribas Proxima', 'Pendapatan Tetap', 1395.11, '0.08', '-0.57', '-0.78', '8.69', '24.93', 4),
(-178256200, 'BNP Paribas Solaris', 'Saham', 2217.04, '0.00', '-5.51', '0.38', '6.40', '-1.94', 3),
(-1574408133, 'Bahana Dana Likuid', 'Pasar Uang', 1408, '0.01', '0.37', '1.23', '6.07', '21.62', 4),
(1782876047, 'Bahana Income Bond Fund', 'Pendapatan Tetap', 1157.17, '0.08', '-0.11', '0.72', '9.91', '11.77', 5),
(-913682379, 'Bahana Income Stream', 'Pendapatan Tetap', 1307.26, '0.06', '-0.67', '-0.57', '9.96', '0.00', 4),
(-386643354, 'Bahana Liquid Priority Fund', 'Pasar Uang', 1097.23, '0.01', '0.00', '-0.35', '0.04', '5.51', 1),
(-170395512, 'Bahana Makara Abadi', 'Pendapatan Tetap', 3371.72, '0.10', '-0.57', '-0.58', '9.70', '26.31', 4),
(-209180468, 'Bahana Primavera Fund 99', 'Saham', 1259.21, '0.02', '-7.61', '-3.14', '13.01', '16.10', 5),
(652991974, 'Bahana Prime Income Fund', 'Pendapatan Tetap', 1424.4, '0.13', '-0.57', '-0.55', '11.30', '0.00', 4),
(45548804, 'Bahana Regular Income Fund', 'Pendapatan Tetap', 1115.14, '0.03', '-0.65', '-0.41', '2.26', '0.00', 2),
(146236835, 'Bahana Sukuk Syariah', 'Pendapatan Tetap', 1187.49, '0.08', '-0.16', '-0.07', '11.04', '0.00', 5),
(-503273693, 'Batavia Dana Kas Maxima', 'Pasar Uang', 1365.3, '0.01', '0.36', '1.15', '5.17', '19.04', 4),
(-1428321882, 'Batavia Dana Obligasi Andalan', 'Pendapatan Tetap', 1470.12, '0.10', '-0.58', '-0.56', '9.94', '26.64', 4),
(1580969741, 'Batavia Dana Obligasi Cemerlang', 'Pendapatan Tetap', 1244.56, '0.07', '-0.57', '-0.49', '2.13', '9.50', 3),
(-304314538, 'Batavia Dana Obligasi Gemilang', 'Pendapatan Tetap', 1246.22, '-0.58', '-0.71', '-1.11', '6.91', '0.00', 5),
(-1985600154, 'Batavia Dana Obligasi Optimal', 'Pendapatan Tetap', 1402.51, '0.06', '-0.65', '-0.61', '8.85', '0.00', 4),
(342054864, 'Batavia Dana Obligasi Unggulan', 'Pendapatan Tetap', 1127.56, '0.10', '-1.40', '-1.58', '1.62', '0.00', 2),
(-1266772810, 'Batavia Dana Saham', 'Saham', 61235.4, '0.00', '-7.11', '-1.89', '13.03', '13.08', 5),
(-1694207043, 'Batavia Obligasi Platinum', 'Pendapatan Tetap', 1155.49, '0.13', '-0.87', '-1.37', '2.91', '0.00', 3),
(-252023954, 'Batavia Prima Obligasi', 'Pendapatan Tetap', 1221.97, '0.06', '-0.56', '-0.30', '1.30', '8.22', 1),
(-1735509296, 'CIMB-Principal Bond', 'Pendapatan Tetap', 27679.9, '0.07', '-0.31', '0.25', '9.74', '41.33', 5),
(1835924523, 'CIMB-Principal Cash Fund', 'Pasar Uang', 1397.44, '0.02', '0.39', '1.25', '5.81', '21.25', 4),
(-1084093348, 'Capital Balanced Fund', 'Campuran', 1060.67, '0.86', '0.35', '1.07', '14.17', '0.00', 3),
(-1382631163, 'Capital Money Market Fund', 'Pasar Uang', 1159.91, '0.01', '0.41', '1.37', '6.32', '0.00', 4),
(-150760254, 'Cipta Balance', 'Campuran', 1964.65, '0.64', '-8.62', '-8.87', '-27.97', '21.63', 1),
(2146081376, 'Corfina Investa Saham Syariah', 'Saham', 935.86, '5.31', '-1.27', '-12.05', '-6.19', '0.00', 1),
(1463145989, 'DMI Dana Bertumbuh', 'Saham', 942.37, '2.61', '-6.23', '-7.47', '18.80', '0.00', 2),
(1192288771, 'DMI Dana Saham Syariah', 'Saham', 900.77, '3.00', '2.08', '-13.38', '13.58', '0.00', 2),
(1763556359, 'Dana Ekuitas Prima', 'Saham', 4914.14, '0.06', '-8.00', '-5.64', '4.17', '5.00', 3),
(922873373, 'Dana Obligasi Stabil', 'Pendapatan Tetap', 4287.55, '0.10', '-0.44', '0.11', '10.54', '33.91', 5),
(-169158337, 'Danamas Dollar', 'Pendapatan Tetap', 1.7, '0.01', '0.21', '0.65', '2.73', '9.10', 1),
(1968497364, 'Danamas Fleksi', 'Campuran', 3716.88, '0.02', '0.53', '1.83', '7.32', '23.55', 5),
(908791603, 'Danamas Stabil', 'Pendapatan Tetap', 3139.85, '0.02', '0.49', '1.59', '6.76', '22.73', 5),
(2032842992, 'Danareksa Gebyar Dana Likuid', 'Pasar Uang', 1341.45, '0.01', '0.33', '0.95', '4.40', '18.22', 3),
(-1273517016, 'Danareksa Mawar Ekuitas Plus', 'Saham', 1060.26, '-0.04', '-7.60', '-5.44', '6.18', '0.00', 4),
(-1991736056, 'Danareksa Mawar Konsumer 10', 'Saham', 1889.14, '-0.04', '-7.33', '-4.89', '7.28', '9.83', 4),
(1828255194, 'Danareksa Melati Pendapatan Tetap II', 'Pendapatan Tetap', 1399.34, '-0.67', '-0.85', '-1.64', '0.15', '1.72', 2),
(531967213, 'Danareksa Melati Pendapatan Utama II', 'Pendapatan Tetap', 1232.25, '0.09', '-0.51', '-2.35', '1.87', '0.00', 3),
(-1063093549, 'Danareksa Pendapatan Tetap Indonesia Sehat', 'Pendapatan Tetap', 1143.7, '0.09', '-0.77', '-1.43', '7.79', '0.00', 3),
(999298920, 'Danareksa Seruni Pasar Uang II', 'Pasar Uang', 1353.44, '0.01', '0.40', '1.22', '5.23', '19.18', 3),
(-154527242, 'Danareksa Seruni Pasar Uang VI', 'Pasar Uang', 1035.05, '0.01', '-0.02', '-0.98', '-0.64', '1.37', 2),
(179863950, 'Eastspring IDR Fixed Income Fund', 'Pendapatan Tetap', 1239.27, '0.08', '-0.59', '-0.61', '8.34', '23.07', 4),
(701376180, 'Eastspring Investment Cash Reserve', 'Pasar Uang', 1328.43, '0.01', '0.33', '1.07', '4.87', '18.54', 3),
(-902209630, 'Eastspring Investments Value Discovery', 'Saham', 1311.75, '-0.14', '-7.56', '-2.54', '10.11', '10.78', 5),
(-240459899, 'First State Indoequity Dividend Yield Fund', 'Saham', 4728.49, '0.06', '-7.10', '-6.12', '8.23', '7.53', 5),
(1222347748, 'Guru', 'Campuran', 1296.95, '1.33', '-1.56', '-4.91', '0.54', '-3.90', 2),
(-768903940, 'HPAM Investa Ekuitas Strategis', 'Saham', 1310.95, '1.04', '-3.54', '-7.60', '5.80', '0.00', 3),
(-636300949, 'HPAM Syariah Ekuitas', 'Saham', 1011.84, '5.13', '-3.32', '-12.04', '-8.22', '-2.22', 2),
(-1965545938, 'HPAM Ultima Ekuitas 1', 'Saham', 2677.45, '0.06', '-7.48', '-0.19', '11.60', '34.28', 3),
(566542855, 'Insight Infra Development', 'Pendapatan Tetap', 1201.77, '0.07', '0.07', '1.20', '9.56', '0.00', 5),
(713430031, 'Insight Money', 'Pasar Uang', 1219.69, '0.02', '0.35', '1.35', '7.58', '0.00', 5),
(1582991564, 'Insight Scholarship Fund', 'Pendapatan Tetap', 1232.65, '0.08', '-0.38', '-0.50', '9.02', '21.17', 5),
(1574925428, 'Insight Tunas Bangsa (I-Next G)', 'Campuran', 983.42, '0.08', '-1.82', '-0.99', '7.94', '5.02', 5),
(-2110596264, 'KAM Kapital Optimal', 'Saham', 1786.06, '2.38', '-2.90', '-8.67', '28.97', '0.00', 2),
(708827267, 'KAM Kapital Syariah', 'Saham', 1178.53, '5.37', '1.60', '-10.96', '11.34', '0.00', 2),
(1681502332, 'Kehati Lestari', 'Pendapatan Tetap', 2089.39, '0.02', '-0.89', '-1.86', '7.47', '22.53', 3),
(1863622758, 'Lancar Victoria Merkurius', 'Pasar Uang', 1197.92, '0.04', '0.44', '1.44', '5.99', '0.00', 4),
(-1233021900, 'Makara Prima', 'Pendapatan Tetap', 2527.55, '0.13', '-1.00', '-1.23', '6.28', '24.07', 1),
(-1979781534, 'Mandiri Dynamic Equity', 'Saham', 723.76, '-0.24', '-5.95', '0.86', '-8.37', '-36.34', 3),
(2100181685, 'Mandiri Investa Atraktif', 'Saham', 4578.58, '-0.03', '-7.12', '-2.04', '8.61', '3.32', 3),
(1780921220, 'Mandiri Investa Cerdas', 'Bangsa Saham', 2630.15, '0.16', '-7.61', '-5.52', '6.23', '5.47', 1),
(-131723537, 'Mandiri Investa Dana Pendapatan Optimal', 'Pendapatan Tetap', 2225.43, '-0.57', '-0.89', '-1.84', '0.02', '-0.62', 2),
(-1444021734, 'Mandiri Investa Kapital Atraktif', 'Pasar Uang', 1065.37, '-0.21', '0.01', '-0.44', '0.20', '2.62', 2),
(-2102994690, 'Mandiri Investa Pasar Uang', 'Pasar Uang', 1350.72, '0.01', '0.36', '1.14', '5.01', '18.56', 3),
(1667907673, 'Mandiri Kapital Prima', 'Pasar Uang', 1344.03, '0.01', '0.43', '1.29', '5.73', '20.45', 5),
(117129999, 'Mandiri Obligasi Optima', 'Pendapatan Tetap', 1305.81, '0.05', '-0.83', '-0.66', '8.86', '0.00', 4),
(-1868984126, 'Mandiri Obligasi Utama', 'Pendapatan Tetap', 1159.28, '0.08', '-0.29', '0.39', '10.36', '9.11', 5),
(357159372, 'Mandiri Obligasi Utama 2', 'Pendapatan Tetap', 1066.7, '0.07', '-0.54', '-0.04', '6.54', '0.00', 3),
(-1243273691, 'Mandiri Saham Atraktif ', 'Saham', 1511.64, '0.13', '-7.98', '-5.91', '11.31', '13.03', 5),
(131588334, 'Manulife Dana Campuran II', 'Campuran', 2784.19, '0.10', '-4.48', '-3.17', '4.91', '9.06', 3),
(1144667465, 'Manulife Dana Saham', 'Saham', 12611.5, '0.02', '-7.68', '-4.37', '6.19', '2.51', 4),
(-1731187556, 'Manulife Dana Saham Utama', 'Saham', 1420.29, '0.03', '-8.17', '-1.02', '15.03', '0.00', 5),
(-184691442, 'Manulife Dana Tetap Utama', 'Pendapatan Tetap', 1904.55, '0.10', '-0.61', '-0.40', '11.99', '28.26', 5),
(675978418, 'Manulife Greater Indonesia Fund', 'Saham', 1.15, '0.38', '-7.61', '-1.85', '4.03', '-0.07', 3),
(-2025014905, 'Manulife Indonesia Money Market Fund', 'Pasar Uang', 1417.47, '0.01', '0.41', '1.29', '5.83', '21.69', 5),
(1427423528, 'Manulife Obligasi Negara Indonesia II', 'Pendapatan Tetap', 2080.24, '0.18', '-0.66', '-0.17', '9.50', '22.02', 4),
(-1665254879, 'Manulife Obligasi Unggulan', 'Pendapatan Tetap', 2592.61, '-0.02', '-0.81', '-0.52', '8.88', '24.50', 4),
(910314559, 'Manulife Pendapatan Bulanan II', 'Pendapatan Tetap', 1116.25, '0.03', '-0.58', '-0.50', '1.94', '3.72', 1),
(215885891, 'Manulife Saham Andalan', 'Saham', 2003.7, '-0.04', '-7.23', '-0.82', '6.17', '1.92', 4),
(-603669986, 'Manulife Saham Syariah Asia Pasifik Dollar AS', 'Saham', 1.35, '0.74', '-1.10', '1.39', '18.15', '0.00', 5),
(-1197234858, 'Manulife USD Fixed Income', 'Pendapatan Tetap', 1.13, '0.07', '-0.24', '-3.02', '-0.74', '3.99', 1),
(714001072, 'Maybank Dana Pasar Uang', 'Pasar Uang', 1380.79, '0.02', '0.46', '1.40', '6.36', '21.12', 5),
(1520500823, 'Maybank Syariah Equity Fund', 'Saham', 1105.54, '-0.06', '-8.69', '-6.94', '-4.52', '0.00', 2),
(-1052777232, 'Millenium Equity Prima Plus', 'Saham', 853.46, '3.84', '-1.57', '-6.28', '45.50', '4.70', 3),
(1944147622, 'Millenium MCM Equity Sektoral', 'Saham', 1723.41, '4.22', '0.30', '-8.11', '18.55', '0.00', 1),
(156972404, 'Minna Padi Pasopati Saham', 'Saham', 1299.8, '0.67', '5.95', '5.20', '18.22', '0.00', 4);

-- --------------------------------------------------------

--
-- Table structure for table `reksadana3`
--

CREATE TABLE `reksadana3` (
  `id` int(30) NOT NULL,
  `reksadana` varchar(200) NOT NULL,
  `jenis` varchar(20) NOT NULL,
  `nab` float UNSIGNED NOT NULL,
  `1hr` decimal(5,2) NOT NULL,
  `1bln` decimal(5,2) NOT NULL,
  `YTD` decimal(5,2) NOT NULL,
  `1th` decimal(5,2) NOT NULL,
  `3th` decimal(5,2) NOT NULL,
  `rating` tinyint(1) UNSIGNED NOT NULL
) ENGINE=InnoDB DEFAULT CHARSET=latin1;

--
-- Dumping data for table `reksadana3`
--

INSERT INTO `reksadana3` (`id`, `reksadana`, `jenis`, `nab`, `1hr`, `1bln`, `YTD`, `1th`, `3th`, `rating`) VALUES
(-2110596264, 'KAM Kapital Optimal', 'Saham', 1786.06, '2.38', '-2.90', '-8.67', '28.97', '0.00', 2),
(-2102994690, 'Mandiri Investa Pasar Uang', 'Pasar Uang', 1350.72, '0.01', '0.36', '1.14', '5.01', '18.56', 3),
(-2025014905, 'Manulife Indonesia Money Market Fund', 'Pasar Uang', 1417.47, '0.01', '0.41', '1.29', '5.83', '21.69', 5),
(-1991736056, 'Danareksa Mawar Konsumer 10', 'Saham', 1889.14, '-0.04', '-7.33', '-4.89', '7.28', '9.83', 4),
(-1985600154, 'Batavia Dana Obligasi Optimal', 'Pendapatan Tetap', 1402.51, '0.06', '-0.65', '-0.61', '8.85', '0.00', 5),
(-1979781534, 'Mandiri Dynamic Equity', 'Saham', 723.76, '-0.24', '-5.95', '0.86', '-8.37', '-36.34', 2),
(-1965545938, 'HPAM Ultima Ekuitas 1', 'Saham', 2677.45, '0.06', '-7.48', '-0.19', '11.60', '34.28', 3),
(-1868984126, 'Mandiri Obligasi Utama', 'Pendapatan Tetap', 1159.28, '0.08', '-0.29', '0.39', '10.36', '9.11', 5),
(-1766554915, 'Ashmore Dana Progresif Nusantara', 'Saham', 1678.4, '-0.86', '-6.93', '2.51', '8.57', '14.38', 5),
(-1764255880, 'BNP Paribas Proxima', 'Pendapatan Tetap', 1395.11, '0.08', '-0.57', '-0.78', '8.69', '24.93', 4),
(-1735509296, 'CIMB-Principal Bond', 'Pendapatan Tetap', 27679.9, '0.07', '-0.31', '0.25', '9.74', '41.33', 3),
(-1731187556, 'Manulife Dana Saham Utama', 'Saham', 1420.29, '0.03', '-8.17', '-1.02', '15.03', '0.00', 2),
(-1694207043, 'Batavia Obligasi Platinum', 'Pendapatan Tetap', 1155.49, '0.13', '-0.87', '-1.37', '2.91', '0.00', 2),
(-1665254879, 'Manulife Obligasi Unggulan', 'Pendapatan Tetap', 2592.61, '-0.02', '-0.81', '-0.52', '8.88', '24.50', 4),
(-1574408133, 'Bahana Dana Likuid', 'Pasar Uang', 1408, '0.01', '0.37', '1.23', '6.07', '21.62', 5),
(-1444021734, 'Mandiri Investa Kapital Atraktif', 'Pasar Uang', 1065.37, '-0.21', '0.01', '-0.44', '0.20', '2.62', 2),
(-1428321882, 'Batavia Dana Obligasi Andalan', 'Pendapatan Tetap', 1470.12, '0.10', '-0.58', '-0.56', '9.94', '26.64', 4),
(-1382631163, 'Capital Money Market Fund', 'Pasar Uang', 1159.91, '0.01', '0.41', '1.37', '6.32', '0.00', 4),
(-1273517016, 'Danareksa Mawar Ekuitas Plus', 'Saham', 1060.26, '-0.04', '-7.60', '-5.44', '6.18', '0.00', 4),
(-1266772810, 'Batavia Dana Saham', 'Saham', 61235.4, '0.00', '-7.11', '-1.89', '13.03', '13.08', 5),
(-1243273691, 'Mandiri Saham Atraktif ', 'Saham', 1511.64, '0.13', '-7.98', '-5.91', '11.31', '13.03', 5),
(-1233021900, 'Makara Prima', 'Pendapatan Tetap', 2527.55, '0.13', '-1.00', '-1.23', '6.28', '24.07', 5),
(-1197234858, 'Manulife USD Fixed Income', 'Pendapatan Tetap', 1.13, '0.07', '-0.24', '-3.02', '-0.74', '3.99', 2),
(-1084093348, 'Capital Balanced Fund', 'Campuran', 1060.67, '0.86', '0.35', '1.07', '14.17', '0.00', 2),
(-1063093549, 'Danareksa Pendapatan Tetap Indonesia Sehat', 'Pendapatan Tetap', 1143.7, '0.09', '-0.77', '-1.43', '7.79', '0.00', 4),
(-1052777232, 'Millenium Equity Prima Plus', 'Saham', 853.46, '3.84', '-1.57', '-6.28', '45.50', '4.70', 2),
(-913682379, 'Bahana Income Stream', 'Pendapatan Tetap', 1307.26, '0.06', '-0.67', '-0.57', '9.96', '0.00', 5),
(-902209630, 'Eastspring Investments Value Discovery', 'Saham', 1311.75, '-0.14', '-7.56', '-2.54', '10.11', '10.78', 5),
(-768903940, 'HPAM Investa Ekuitas Strategis', 'Saham', 1310.95, '1.04', '-3.54', '-7.60', '5.80', '0.00', 4),
(-722066834, 'Ashmore Dana Ekuitas Nusantara', 'Saham', 1580.28, '-0.77', '-6.81', '-1.69', '11.80', '18.09', 5),
(-636300949, 'HPAM Syariah Ekuitas', 'Saham', 1011.84, '5.13', '-3.32', '-12.04', '-8.22', '-2.22', 2),
(-603669986, 'Manulife Saham Syariah Asia Pasifik Dollar AS', 'Saham', 1.35, '0.74', '-1.10', '1.39', '18.15', '0.00', 2),
(-503273693, 'Batavia Dana Kas Maxima', 'Pasar Uang', 1365.3, '0.01', '0.36', '1.15', '5.17', '19.04', 3),
(-386643354, 'Bahana Liquid Priority Fund', 'Pasar Uang', 1097.23, '0.01', '0.00', '-0.35', '0.04', '5.51', 2),
(-304314538, 'Batavia Dana Obligasi Gemilang', 'Pendapatan Tetap', 1246.22, '-0.58', '-0.71', '-1.11', '6.91', '0.00', 4),
(-252023954, 'Batavia Prima Obligasi', 'Pendapatan Tetap', 1221.97, '0.06', '-0.56', '-0.30', '1.30', '8.22', 2),
(-240459899, 'First State Indoequity Dividend Yield Fund', 'Saham', 4728.49, '0.06', '-7.10', '-6.12', '8.23', '7.53', 5),
(-209180468, 'Bahana Primavera Fund 99', 'Saham', 1259.21, '0.02', '-7.61', '-3.14', '13.01', '16.10', 5),
(-184691442, 'Manulife Dana Tetap Utama', 'Pendapatan Tetap', 1904.55, '0.10', '-0.61', '-0.40', '11.99', '28.26', 4),
(-178256200, 'BNP Paribas Solaris', 'Saham', 2217.04, '0.00', '-5.51', '0.38', '6.40', '-1.94', 3),
(-170395512, 'Bahana Makara Abadi', 'Pendapatan Tetap', 3371.72, '0.10', '-0.57', '-0.58', '9.70', '26.31', 4),
(-169158337, 'Danamas Dollar', 'Pendapatan Tetap', 1.7, '0.01', '0.21', '0.65', '2.73', '9.10', 2),
(-154527242, 'Danareksa Seruni Pasar Uang VI', 'Pasar Uang', 1035.05, '0.01', '-0.02', '-0.98', '-0.64', '1.37', 2),
(-150760254, 'Cipta Balance', 'Campuran', 1964.65, '0.64', '-8.62', '-8.87', '-27.97', '21.63', 1),
(-131723537, 'Mandiri Investa Dana Pendapatan Optimal', 'Pendapatan Tetap', 2225.43, '-0.57', '-0.89', '-1.84', '0.02', '-0.62', 2),
(-84205183, 'BNP Paribas Infrastruktur Plus', 'Saham', 3215.02, '0.01', '-6.57', '-3.19', '9.63', '0.77', 5),
(45548804, 'Bahana Regular Income Fund', 'Pendapatan Tetap', 1115.14, '0.03', '-0.65', '-0.41', '2.26', '0.00', 2),
(117129999, 'Mandiri Obligasi Optima', 'Pendapatan Tetap', 1305.81, '0.05', '-0.83', '-0.66', '8.86', '0.00', 5),
(131588334, 'Manulife Dana Campuran II', 'Campuran', 2784.19, '0.10', '-4.48', '-3.17', '4.91', '9.06', 4),
(146236835, 'Bahana Sukuk Syariah', 'Pendapatan Tetap', 1187.49, '0.08', '-0.16', '-0.07', '11.04', '0.00', 5),
(156972404, 'Minna Padi Pasopati Saham', 'Saham', 1299.8, '0.67', '5.95', '5.20', '18.22', '0.00', 2),
(179863950, 'Eastspring IDR Fixed Income Fund', 'Pendapatan Tetap', 1239.27, '0.08', '-0.59', '-0.61', '8.34', '23.07', 4),
(215885891, 'Manulife Saham Andalan', 'Saham', 2003.7, '-0.04', '-7.23', '-0.82', '6.17', '1.92', 4),
(250595068, 'BNP Paribas Ekuitas', 'Saham', 19344, '-0.05', '-7.37', '-5.55', '5.76', '2.97', 4),
(340525261, 'BNI-AM Pendapatan Tetap', 'Pendapatan Tetap', 1486.07, '-1.03', '-0.69', '-0.12', '7.27', '24.49', 5),
(342054864, 'Batavia Dana Obligasi Unggulan', 'Pendapatan Tetap', 1127.56, '0.10', '-1.40', '-1.58', '1.62', '0.00', 2),
(357159372, 'Mandiri Obligasi Utama 2', 'Pendapatan Tetap', 1066.7, '0.07', '-0.54', '-0.04', '6.54', '0.00', 4),
(498621209, 'BNP Paribas Prima II', 'Pendapatan Tetap', 2274.69, '0.12', '-0.89', '-1.04', '7.13', '17.33', 3),
(531967213, 'Danareksa Melati Pendapatan Utama II', 'Pendapatan Tetap', 1232.25, '0.09', '-0.51', '-2.35', '1.87', '0.00', 2),
(566542855, 'Insight Infra Development', 'Pendapatan Tetap', 1201.77, '0.07', '0.07', '1.20', '9.56', '0.00', 5),
(652991974, 'Bahana Prime Income Fund', 'Pendapatan Tetap', 1424.4, '0.13', '-0.57', '-0.55', '11.30', '0.00', 5),
(675978418, 'Manulife Greater Indonesia Fund', 'Saham', 1.15, '0.38', '-7.61', '-1.85', '4.03', '-0.07', 3),
(701376180, 'Eastspring Investment Cash Reserve', 'Pasar Uang', 1328.43, '0.01', '0.33', '1.07', '4.87', '18.54', 3),
(704323798, 'BNP Paribas Obligasi Plus', 'Pendapatan Tetap', 1529.7, '0.08', '-0.47', '-0.49', '10.43', '9.32', 5),
(708827267, 'KAM Kapital Syariah', 'Saham', 1178.53, '5.37', '1.60', '-10.96', '11.34', '0.00', 5),
(713430031, 'Insight Money', 'Pasar Uang', 1219.69, '0.02', '0.35', '1.35', '7.58', '0.00', 4),
(714001072, 'Maybank Dana Pasar Uang', 'Pasar Uang', 1380.79, '0.02', '0.46', '1.40', '6.36', '21.12', 5),
(737829821, 'Ashmore Dana Obligasi Nusantara', 'Pendapatan Tetap', 1318.28, '-0.46', '-0.68', '-1.90', '7.75', '20.66', 5),
(908791603, 'Danamas Stabil', 'Pendapatan Tetap', 3139.85, '0.02', '0.49', '1.59', '6.76', '22.73', 5),
(910314559, 'Manulife Pendapatan Bulanan II', 'Pendapatan Tetap', 1116.25, '0.03', '-0.58', '-0.50', '1.94', '3.72', 2),
(922873373, 'Dana Obligasi Stabil', 'Pendapatan Tetap', 4287.55, '0.10', '-0.44', '0.11', '10.54', '33.91', 1),
(999298920, 'Danareksa Seruni Pasar Uang II', 'Pasar Uang', 1353.44, '0.01', '0.40', '1.22', '5.23', '19.18', 3),
(1144667465, 'Manulife Dana Saham', 'Saham', 12611.5, '0.02', '-7.68', '-4.37', '6.19', '2.51', 4),
(1187269281, 'BNP Paribas Pesona', 'Saham', 27922.1, '-0.12', '-6.83', '-4.24', '5.45', '6.76', 4),
(1192288771, 'DMI Dana Saham Syariah', 'Saham', 900.77, '3.00', '2.08', '-13.38', '13.58', '0.00', 2),
(1222347748, 'Guru', 'Campuran', 1296.95, '1.33', '-1.56', '-4.91', '0.54', '-3.90', 2),
(1287250106, 'BNP Paribas Maxi Saham', 'Saham', 2009.72, '-0.14', '-7.15', '-4.50', '6.49', '10.18', 3),
(1427423528, 'Manulife Obligasi Negara Indonesia II', 'Pendapatan Tetap', 2080.24, '0.18', '-0.66', '-0.17', '9.50', '22.02', 4),
(1463145989, 'DMI Dana Bertumbuh', 'Saham', 942.37, '2.61', '-6.23', '-7.47', '18.80', '0.00', 2),
(1520500823, 'Maybank Syariah Equity Fund', 'Saham', 1105.54, '-0.06', '-8.69', '-6.94', '-4.52', '0.00', 2),
(1574925428, 'Insight Tunas Bangsa (I-Next G)', 'Campuran', 983.42, '0.08', '-1.82', '-0.99', '7.94', '5.02', 4),
(1580969741, 'Batavia Dana Obligasi Cemerlang', 'Pendapatan Tetap', 1244.56, '0.07', '-0.57', '-0.49', '2.13', '9.50', 2),
(1582991564, 'Insight Scholarship Fund', 'Pendapatan Tetap', 1232.65, '0.08', '-0.38', '-0.50', '9.02', '21.17', 4),
(1658116688, 'BNP Paribas Prima USD', 'Pendapatan Tetap', 1.14, '0.14', '-0.28', '-2.28', '0.83', '5.14', 2),
(1667907673, 'Mandiri Kapital Prima', 'Pasar Uang', 1344.03, '0.01', '0.43', '1.29', '5.73', '20.45', 5),
(1681502332, 'Kehati Lestari', 'Pendapatan Tetap', 2089.39, '0.02', '-0.89', '-1.86', '7.47', '22.53', 5),
(1694456763, 'BNP Paribas Pesona Syariah', 'Saham', 2521.04, '-0.13', '-7.88', '-4.33', '-2.40', '-1.38', 2),
(1763556359, 'Dana Ekuitas Prima', 'Saham', 4914.14, '0.06', '-8.00', '-5.64', '4.17', '5.00', 4),
(1780921220, 'Mandiri Investa Cerdas', 'Bangsa Saham', 2630.15, '0.16', '-7.61', '-5.52', '6.23', '5.47', 4),
(1782876047, 'Bahana Income Bond Fund', 'Pendapatan Tetap', 1157.17, '0.08', '-0.11', '0.72', '9.91', '11.77', 5),
(1811434639, 'BNI-AM Dana Pasar Uang Kemilau', 'Pasar Uang', 1684.13, '0.01', '0.44', '1.32', '6.25', '68.24', 4),
(1813755805, 'BNI-AM Inspiring Equity Fund', 'Saham', 1168.49, '0.09', '-8.11', '-5.90', '5.29', '2.92', 4),
(1828255194, 'Danareksa Melati Pendapatan Tetap II', 'Pendapatan Tetap', 1399.34, '-0.67', '-0.85', '-1.64', '0.15', '1.72', 2),
(1835924523, 'CIMB-Principal Cash Fund', 'Pasar Uang', 1397.44, '0.02', '0.39', '1.25', '5.81', '21.25', 5),
(1863622758, 'Lancar Victoria Merkurius', 'Pasar Uang', 1197.92, '0.04', '0.44', '1.44', '5.99', '0.00', 4),
(1944147622, 'Millenium MCM Equity Sektoral', 'Saham', 1723.41, '4.22', '0.30', '-8.11', '18.55', '0.00', 2),
(1968497364, 'Danamas Fleksi', 'Campuran', 3716.88, '0.02', '0.53', '1.83', '7.32', '23.55', 5),
(2032842992, 'Danareksa Gebyar Dana Likuid', 'Pasar Uang', 1341.45, '0.01', '0.33', '0.95', '4.40', '18.22', 3),
(2100181685, 'Mandiri Investa Atraktif', 'Saham', 4578.58, '-0.03', '-7.12', '-2.04', '8.61', '3.32', 5),
(2146081376, 'Corfina Investa Saham Syariah', 'Saham', 935.86, '5.31', '-1.27', '-12.05', '-6.19', '0.00', 2);

-- --------------------------------------------------------

--
-- Table structure for table `status_transaksi`
--

CREATE TABLE `status_transaksi` (
  `id` tinyint(1) UNSIGNED NOT NULL,
  `status_transaksi` varchar(40) NOT NULL
) ENGINE=InnoDB DEFAULT CHARSET=latin1;

--
-- Dumping data for table `status_transaksi`
--

INSERT INTO `status_transaksi` (`id`, `status_transaksi`) VALUES
(0, 'transaksi gagal'),
(1, 'menunggu pembayaran klien'),
(2, 'menunggu konfirmasi admin bank'),
(3, 'menunggu konfirmasi admin reksadana'),
(4, 'transaksi selesai');

-- --------------------------------------------------------

--
-- Table structure for table `transaksi`
--

CREATE TABLE `transaksi` (
  `id` varchar(100) NOT NULL,
  `id_jenis_transaksi` tinyint(1) UNSIGNED NOT NULL,
  `waktu` datetime NOT NULL,
  `id_klien` varchar(200) NOT NULL,
  `id_reksadana` int(30) NOT NULL,
  `id_reksadana_tujuan` int(30) NOT NULL,
  `unit` bigint(20) UNSIGNED NOT NULL,
  `nilai_transaksi` bigint(20) UNSIGNED DEFAULT NULL,
  `biaya_admin` int(11) UNSIGNED NOT NULL,
  `total` bigint(20) UNSIGNED NOT NULL,
  `id_admin_bank` int(11) NOT NULL,
  `id_admin_reksadana` int(11) NOT NULL,
  `id_status_transaksi` tinyint(1) UNSIGNED NOT NULL DEFAULT '1'
) ENGINE=InnoDB DEFAULT CHARSET=latin1;

--
-- Dumping data for table `transaksi`
--

INSERT INTO `transaksi` (`id`, `id_jenis_transaksi`, `waktu`, `id_klien`, `id_reksadana`, `id_reksadana_tujuan`, `unit`, `nilai_transaksi`, `biaya_admin`, `total`, `id_admin_bank`, `id_admin_reksadana`, `id_status_transaksi`) VALUES
('614435b548d3a80c1b862c5694d41564', 1, '2018-04-26 08:02:00', '7fc162ba3cc26077924a93c9e394056f', -1735509296, 0, 200, 5535621, 55357, 5590978, 1, 1, 4),
('8da71b379a28bc8c87c24efcc3a79668', 2, '2018-04-26 08:04:59', '7fc162ba3cc26077924a93c9e394056f', -1735509296, 0, 100, 2767811, 0, 2767811, 1, 1, 4),
('971c6ec1354f3b22fb67f36e3b7b5ec5', 3, '2018-04-26 08:06:50', '7fc162ba3cc26077924a93c9e394056f', -1735509296, -1266772810, 20, NULL, 0, 0, 0, 1, 4),
('aed2596fd2e9c9d2442daa9be0ef43a8', 1, '2018-04-25 18:01:19', '7bca52fb54da17b7b0ea4f25af2c7c02', -2110596264, 0, 23, 41172, 413, 41585, 1, 1, 4);

-- --------------------------------------------------------

--
-- Table structure for table `up_klien`
--

CREATE TABLE `up_klien` (
  `id_klien` varchar(200) NOT NULL,
  `id_reksadana` int(30) NOT NULL,
  `up` bigint(20) UNSIGNED DEFAULT '0'
) ENGINE=InnoDB DEFAULT CHARSET=latin1;

--
-- Dumping data for table `up_klien`
--

INSERT INTO `up_klien` (`id_klien`, `id_reksadana`, `up`) VALUES
('7bca52fb54da17b7b0ea4f25af2c7c02', -722066834, 0),
('b98b0c0c0a23210a9b77e2a02b35a818', -722066834, 0),
('c97ebb3665342196c4da7c524a7754a8', -722066834, 0),
('7bca52fb54da17b7b0ea4f25af2c7c02', 737829821, 0),
('b98b0c0c0a23210a9b77e2a02b35a818', 737829821, 0),
('c97ebb3665342196c4da7c524a7754a8', 737829821, 0),
('7bca52fb54da17b7b0ea4f25af2c7c02', -1766554915, 0),
('b98b0c0c0a23210a9b77e2a02b35a818', -1766554915, 0),
('c97ebb3665342196c4da7c524a7754a8', -1766554915, 0),
('7bca52fb54da17b7b0ea4f25af2c7c02', 1811434639, 0),
('b98b0c0c0a23210a9b77e2a02b35a818', 1811434639, 0),
('c97ebb3665342196c4da7c524a7754a8', 1811434639, 0),
('7bca52fb54da17b7b0ea4f25af2c7c02', 1813755805, 0),
('b98b0c0c0a23210a9b77e2a02b35a818', 1813755805, 0),
('c97ebb3665342196c4da7c524a7754a8', 1813755805, 0),
('7bca52fb54da17b7b0ea4f25af2c7c02', 340525261, 0),
('b98b0c0c0a23210a9b77e2a02b35a818', 340525261, 0),
('c97ebb3665342196c4da7c524a7754a8', 340525261, 0),
('7bca52fb54da17b7b0ea4f25af2c7c02', 250595068, 0),
('b98b0c0c0a23210a9b77e2a02b35a818', 250595068, 0),
('c97ebb3665342196c4da7c524a7754a8', 250595068, 0),
('7bca52fb54da17b7b0ea4f25af2c7c02', -84205183, 0),
('b98b0c0c0a23210a9b77e2a02b35a818', -84205183, 0),
('c97ebb3665342196c4da7c524a7754a8', -84205183, 0),
('7bca52fb54da17b7b0ea4f25af2c7c02', 1287250106, 0),
('b98b0c0c0a23210a9b77e2a02b35a818', 1287250106, 0),
('c97ebb3665342196c4da7c524a7754a8', 1287250106, 0),
('7bca52fb54da17b7b0ea4f25af2c7c02', 704323798, 0),
('b98b0c0c0a23210a9b77e2a02b35a818', 704323798, 0),
('c97ebb3665342196c4da7c524a7754a8', 704323798, 0),
('7bca52fb54da17b7b0ea4f25af2c7c02', 1187269281, 0),
('b98b0c0c0a23210a9b77e2a02b35a818', 1187269281, 0),
('c97ebb3665342196c4da7c524a7754a8', 1187269281, 0),
('7bca52fb54da17b7b0ea4f25af2c7c02', 1694456763, 0),
('b98b0c0c0a23210a9b77e2a02b35a818', 1694456763, 0),
('c97ebb3665342196c4da7c524a7754a8', 1694456763, 0),
('7bca52fb54da17b7b0ea4f25af2c7c02', 498621209, 0),
('b98b0c0c0a23210a9b77e2a02b35a818', 498621209, 0),
('c97ebb3665342196c4da7c524a7754a8', 498621209, 0),
('7bca52fb54da17b7b0ea4f25af2c7c02', 1658116688, 0),
('b98b0c0c0a23210a9b77e2a02b35a818', 1658116688, 0),
('c97ebb3665342196c4da7c524a7754a8', 1658116688, 0),
('7bca52fb54da17b7b0ea4f25af2c7c02', -1764255880, 0),
('b98b0c0c0a23210a9b77e2a02b35a818', -1764255880, 0),
('c97ebb3665342196c4da7c524a7754a8', -1764255880, 0),
('7bca52fb54da17b7b0ea4f25af2c7c02', -178256200, 0),
('b98b0c0c0a23210a9b77e2a02b35a818', -178256200, 0),
('c97ebb3665342196c4da7c524a7754a8', -178256200, 0),
('7bca52fb54da17b7b0ea4f25af2c7c02', -1574408133, 0),
('b98b0c0c0a23210a9b77e2a02b35a818', -1574408133, 0),
('c97ebb3665342196c4da7c524a7754a8', -1574408133, 0),
('7bca52fb54da17b7b0ea4f25af2c7c02', 1782876047, 0),
('b98b0c0c0a23210a9b77e2a02b35a818', 1782876047, 0),
('c97ebb3665342196c4da7c524a7754a8', 1782876047, 0),
('7bca52fb54da17b7b0ea4f25af2c7c02', -913682379, 0),
('b98b0c0c0a23210a9b77e2a02b35a818', -913682379, 0),
('c97ebb3665342196c4da7c524a7754a8', -913682379, 0),
('7bca52fb54da17b7b0ea4f25af2c7c02', -386643354, 0),
('b98b0c0c0a23210a9b77e2a02b35a818', -386643354, 0),
('c97ebb3665342196c4da7c524a7754a8', -386643354, 0),
('7bca52fb54da17b7b0ea4f25af2c7c02', -170395512, 0),
('b98b0c0c0a23210a9b77e2a02b35a818', -170395512, 0),
('c97ebb3665342196c4da7c524a7754a8', -170395512, 0),
('7bca52fb54da17b7b0ea4f25af2c7c02', -209180468, 0),
('b98b0c0c0a23210a9b77e2a02b35a818', -209180468, 0),
('c97ebb3665342196c4da7c524a7754a8', -209180468, 0),
('7bca52fb54da17b7b0ea4f25af2c7c02', 652991974, 0),
('b98b0c0c0a23210a9b77e2a02b35a818', 652991974, 0),
('c97ebb3665342196c4da7c524a7754a8', 652991974, 0),
('7bca52fb54da17b7b0ea4f25af2c7c02', 45548804, 0),
('b98b0c0c0a23210a9b77e2a02b35a818', 45548804, 0),
('c97ebb3665342196c4da7c524a7754a8', 45548804, 0),
('7bca52fb54da17b7b0ea4f25af2c7c02', 146236835, 0),
('b98b0c0c0a23210a9b77e2a02b35a818', 146236835, 0),
('c97ebb3665342196c4da7c524a7754a8', 146236835, 0),
('7bca52fb54da17b7b0ea4f25af2c7c02', -503273693, 0),
('b98b0c0c0a23210a9b77e2a02b35a818', -503273693, 0),
('c97ebb3665342196c4da7c524a7754a8', -503273693, 0),
('7bca52fb54da17b7b0ea4f25af2c7c02', -1428321882, 0),
('b98b0c0c0a23210a9b77e2a02b35a818', -1428321882, 0),
('c97ebb3665342196c4da7c524a7754a8', -1428321882, 0),
('7bca52fb54da17b7b0ea4f25af2c7c02', 1580969741, 0),
('b98b0c0c0a23210a9b77e2a02b35a818', 1580969741, 0),
('c97ebb3665342196c4da7c524a7754a8', 1580969741, 0),
('7bca52fb54da17b7b0ea4f25af2c7c02', -304314538, 0),
('b98b0c0c0a23210a9b77e2a02b35a818', -304314538, 0),
('c97ebb3665342196c4da7c524a7754a8', -304314538, 0),
('7bca52fb54da17b7b0ea4f25af2c7c02', -1985600154, 0),
('b98b0c0c0a23210a9b77e2a02b35a818', -1985600154, 0),
('c97ebb3665342196c4da7c524a7754a8', -1985600154, 0),
('7bca52fb54da17b7b0ea4f25af2c7c02', 342054864, 0),
('b98b0c0c0a23210a9b77e2a02b35a818', 342054864, 0),
('c97ebb3665342196c4da7c524a7754a8', 342054864, 0),
('7bca52fb54da17b7b0ea4f25af2c7c02', -1266772810, 0),
('b98b0c0c0a23210a9b77e2a02b35a818', -1266772810, 0),
('c97ebb3665342196c4da7c524a7754a8', -1266772810, 0),
('7bca52fb54da17b7b0ea4f25af2c7c02', -1694207043, 0),
('b98b0c0c0a23210a9b77e2a02b35a818', -1694207043, 0),
('c97ebb3665342196c4da7c524a7754a8', -1694207043, 0),
('7bca52fb54da17b7b0ea4f25af2c7c02', -252023954, 0),
('b98b0c0c0a23210a9b77e2a02b35a818', -252023954, 0),
('c97ebb3665342196c4da7c524a7754a8', -252023954, 0),
('7bca52fb54da17b7b0ea4f25af2c7c02', -1735509296, 0),
('b98b0c0c0a23210a9b77e2a02b35a818', -1735509296, 0),
('c97ebb3665342196c4da7c524a7754a8', -1735509296, 0),
('7bca52fb54da17b7b0ea4f25af2c7c02', 1835924523, 0),
('b98b0c0c0a23210a9b77e2a02b35a818', 1835924523, 0),
('c97ebb3665342196c4da7c524a7754a8', 1835924523, 0),
('7bca52fb54da17b7b0ea4f25af2c7c02', -1084093348, 0),
('b98b0c0c0a23210a9b77e2a02b35a818', -1084093348, 0),
('c97ebb3665342196c4da7c524a7754a8', -1084093348, 0),
('7bca52fb54da17b7b0ea4f25af2c7c02', -1382631163, 0),
('b98b0c0c0a23210a9b77e2a02b35a818', -1382631163, 0),
('c97ebb3665342196c4da7c524a7754a8', -1382631163, 0),
('7bca52fb54da17b7b0ea4f25af2c7c02', -150760254, 0),
('b98b0c0c0a23210a9b77e2a02b35a818', -150760254, 0),
('c97ebb3665342196c4da7c524a7754a8', -150760254, 0),
('7bca52fb54da17b7b0ea4f25af2c7c02', 2146081376, 0),
('b98b0c0c0a23210a9b77e2a02b35a818', 2146081376, 0),
('c97ebb3665342196c4da7c524a7754a8', 2146081376, 0),
('7bca52fb54da17b7b0ea4f25af2c7c02', 1463145989, 0),
('b98b0c0c0a23210a9b77e2a02b35a818', 1463145989, 0),
('c97ebb3665342196c4da7c524a7754a8', 1463145989, 0),
('7bca52fb54da17b7b0ea4f25af2c7c02', 1192288771, 0),
('b98b0c0c0a23210a9b77e2a02b35a818', 1192288771, 0),
('c97ebb3665342196c4da7c524a7754a8', 1192288771, 0),
('7bca52fb54da17b7b0ea4f25af2c7c02', 1763556359, 0),
('b98b0c0c0a23210a9b77e2a02b35a818', 1763556359, 0),
('c97ebb3665342196c4da7c524a7754a8', 1763556359, 0),
('7bca52fb54da17b7b0ea4f25af2c7c02', 922873373, 0),
('b98b0c0c0a23210a9b77e2a02b35a818', 922873373, 0),
('c97ebb3665342196c4da7c524a7754a8', 922873373, 0),
('7bca52fb54da17b7b0ea4f25af2c7c02', -169158337, 0),
('b98b0c0c0a23210a9b77e2a02b35a818', -169158337, 0),
('c97ebb3665342196c4da7c524a7754a8', -169158337, 0),
('7bca52fb54da17b7b0ea4f25af2c7c02', 1968497364, 0),
('b98b0c0c0a23210a9b77e2a02b35a818', 1968497364, 0),
('c97ebb3665342196c4da7c524a7754a8', 1968497364, 0),
('7bca52fb54da17b7b0ea4f25af2c7c02', 908791603, 0),
('b98b0c0c0a23210a9b77e2a02b35a818', 908791603, 0),
('c97ebb3665342196c4da7c524a7754a8', 908791603, 0),
('7bca52fb54da17b7b0ea4f25af2c7c02', 2032842992, 0),
('b98b0c0c0a23210a9b77e2a02b35a818', 2032842992, 0),
('c97ebb3665342196c4da7c524a7754a8', 2032842992, 0),
('7bca52fb54da17b7b0ea4f25af2c7c02', -1273517016, 0),
('b98b0c0c0a23210a9b77e2a02b35a818', -1273517016, 0),
('c97ebb3665342196c4da7c524a7754a8', -1273517016, 0),
('7bca52fb54da17b7b0ea4f25af2c7c02', -1991736056, 0),
('b98b0c0c0a23210a9b77e2a02b35a818', -1991736056, 0),
('c97ebb3665342196c4da7c524a7754a8', -1991736056, 0),
('7bca52fb54da17b7b0ea4f25af2c7c02', 1828255194, 0),
('b98b0c0c0a23210a9b77e2a02b35a818', 1828255194, 0),
('c97ebb3665342196c4da7c524a7754a8', 1828255194, 0),
('7bca52fb54da17b7b0ea4f25af2c7c02', 531967213, 0),
('b98b0c0c0a23210a9b77e2a02b35a818', 531967213, 0),
('c97ebb3665342196c4da7c524a7754a8', 531967213, 0),
('7bca52fb54da17b7b0ea4f25af2c7c02', -1063093549, 0),
('b98b0c0c0a23210a9b77e2a02b35a818', -1063093549, 0),
('c97ebb3665342196c4da7c524a7754a8', -1063093549, 0),
('7bca52fb54da17b7b0ea4f25af2c7c02', 999298920, 0),
('b98b0c0c0a23210a9b77e2a02b35a818', 999298920, 0),
('c97ebb3665342196c4da7c524a7754a8', 999298920, 0),
('7bca52fb54da17b7b0ea4f25af2c7c02', -154527242, 0),
('b98b0c0c0a23210a9b77e2a02b35a818', -154527242, 0),
('c97ebb3665342196c4da7c524a7754a8', -154527242, 0),
('7bca52fb54da17b7b0ea4f25af2c7c02', 179863950, 0),
('b98b0c0c0a23210a9b77e2a02b35a818', 179863950, 0),
('c97ebb3665342196c4da7c524a7754a8', 179863950, 0),
('7bca52fb54da17b7b0ea4f25af2c7c02', 701376180, 0),
('b98b0c0c0a23210a9b77e2a02b35a818', 701376180, 0),
('c97ebb3665342196c4da7c524a7754a8', 701376180, 0),
('7bca52fb54da17b7b0ea4f25af2c7c02', -902209630, 0),
('b98b0c0c0a23210a9b77e2a02b35a818', -902209630, 0),
('c97ebb3665342196c4da7c524a7754a8', -902209630, 0),
('7bca52fb54da17b7b0ea4f25af2c7c02', -240459899, 0),
('b98b0c0c0a23210a9b77e2a02b35a818', -240459899, 0),
('c97ebb3665342196c4da7c524a7754a8', -240459899, 0),
('7bca52fb54da17b7b0ea4f25af2c7c02', 1222347748, 0),
('b98b0c0c0a23210a9b77e2a02b35a818', 1222347748, 0),
('c97ebb3665342196c4da7c524a7754a8', 1222347748, 0),
('7bca52fb54da17b7b0ea4f25af2c7c02', -768903940, 0),
('b98b0c0c0a23210a9b77e2a02b35a818', -768903940, 0),
('c97ebb3665342196c4da7c524a7754a8', -768903940, 0),
('7bca52fb54da17b7b0ea4f25af2c7c02', -636300949, 0),
('b98b0c0c0a23210a9b77e2a02b35a818', -636300949, 0),
('c97ebb3665342196c4da7c524a7754a8', -636300949, 0),
('7bca52fb54da17b7b0ea4f25af2c7c02', -1965545938, 0),
('b98b0c0c0a23210a9b77e2a02b35a818', -1965545938, 0),
('c97ebb3665342196c4da7c524a7754a8', -1965545938, 0),
('7bca52fb54da17b7b0ea4f25af2c7c02', 566542855, 0),
('b98b0c0c0a23210a9b77e2a02b35a818', 566542855, 0),
('c97ebb3665342196c4da7c524a7754a8', 566542855, 0),
('7bca52fb54da17b7b0ea4f25af2c7c02', 713430031, 0),
('b98b0c0c0a23210a9b77e2a02b35a818', 713430031, 0),
('c97ebb3665342196c4da7c524a7754a8', 713430031, 0),
('7bca52fb54da17b7b0ea4f25af2c7c02', 1582991564, 0),
('b98b0c0c0a23210a9b77e2a02b35a818', 1582991564, 0),
('c97ebb3665342196c4da7c524a7754a8', 1582991564, 0),
('7bca52fb54da17b7b0ea4f25af2c7c02', 1574925428, 0),
('b98b0c0c0a23210a9b77e2a02b35a818', 1574925428, 0),
('c97ebb3665342196c4da7c524a7754a8', 1574925428, 0),
('7bca52fb54da17b7b0ea4f25af2c7c02', -2110596264, 23),
('b98b0c0c0a23210a9b77e2a02b35a818', -2110596264, 0),
('c97ebb3665342196c4da7c524a7754a8', -2110596264, 0),
('7bca52fb54da17b7b0ea4f25af2c7c02', 708827267, 0),
('b98b0c0c0a23210a9b77e2a02b35a818', 708827267, 0),
('c97ebb3665342196c4da7c524a7754a8', 708827267, 0),
('7bca52fb54da17b7b0ea4f25af2c7c02', 1681502332, 0),
('b98b0c0c0a23210a9b77e2a02b35a818', 1681502332, 0),
('c97ebb3665342196c4da7c524a7754a8', 1681502332, 0),
('7bca52fb54da17b7b0ea4f25af2c7c02', 1863622758, 0),
('b98b0c0c0a23210a9b77e2a02b35a818', 1863622758, 0),
('c97ebb3665342196c4da7c524a7754a8', 1863622758, 0),
('7bca52fb54da17b7b0ea4f25af2c7c02', -1233021900, 0),
('b98b0c0c0a23210a9b77e2a02b35a818', -1233021900, 0),
('c97ebb3665342196c4da7c524a7754a8', -1233021900, 0),
('7bca52fb54da17b7b0ea4f25af2c7c02', -1979781534, 0),
('b98b0c0c0a23210a9b77e2a02b35a818', -1979781534, 0),
('c97ebb3665342196c4da7c524a7754a8', -1979781534, 0),
('7bca52fb54da17b7b0ea4f25af2c7c02', 2100181685, 0),
('b98b0c0c0a23210a9b77e2a02b35a818', 2100181685, 0),
('c97ebb3665342196c4da7c524a7754a8', 2100181685, 0),
('7bca52fb54da17b7b0ea4f25af2c7c02', 1780921220, 0),
('b98b0c0c0a23210a9b77e2a02b35a818', 1780921220, 0),
('c97ebb3665342196c4da7c524a7754a8', 1780921220, 0),
('7bca52fb54da17b7b0ea4f25af2c7c02', -131723537, 0),
('b98b0c0c0a23210a9b77e2a02b35a818', -131723537, 0),
('c97ebb3665342196c4da7c524a7754a8', -131723537, 0),
('7bca52fb54da17b7b0ea4f25af2c7c02', -1444021734, 0),
('b98b0c0c0a23210a9b77e2a02b35a818', -1444021734, 0),
('c97ebb3665342196c4da7c524a7754a8', -1444021734, 0),
('7bca52fb54da17b7b0ea4f25af2c7c02', -2102994690, 0),
('b98b0c0c0a23210a9b77e2a02b35a818', -2102994690, 0),
('c97ebb3665342196c4da7c524a7754a8', -2102994690, 0),
('7bca52fb54da17b7b0ea4f25af2c7c02', 1667907673, 0),
('b98b0c0c0a23210a9b77e2a02b35a818', 1667907673, 0),
('c97ebb3665342196c4da7c524a7754a8', 1667907673, 0),
('7bca52fb54da17b7b0ea4f25af2c7c02', 117129999, 0),
('b98b0c0c0a23210a9b77e2a02b35a818', 117129999, 0),
('c97ebb3665342196c4da7c524a7754a8', 117129999, 0),
('7bca52fb54da17b7b0ea4f25af2c7c02', -1868984126, 0),
('b98b0c0c0a23210a9b77e2a02b35a818', -1868984126, 0),
('c97ebb3665342196c4da7c524a7754a8', -1868984126, 0),
('7bca52fb54da17b7b0ea4f25af2c7c02', 357159372, 0),
('b98b0c0c0a23210a9b77e2a02b35a818', 357159372, 0),
('c97ebb3665342196c4da7c524a7754a8', 357159372, 0),
('7bca52fb54da17b7b0ea4f25af2c7c02', -1243273691, 0),
('b98b0c0c0a23210a9b77e2a02b35a818', -1243273691, 0),
('c97ebb3665342196c4da7c524a7754a8', -1243273691, 0),
('7bca52fb54da17b7b0ea4f25af2c7c02', 131588334, 0),
('b98b0c0c0a23210a9b77e2a02b35a818', 131588334, 0),
('c97ebb3665342196c4da7c524a7754a8', 131588334, 0),
('7bca52fb54da17b7b0ea4f25af2c7c02', 1144667465, 0),
('b98b0c0c0a23210a9b77e2a02b35a818', 1144667465, 0),
('c97ebb3665342196c4da7c524a7754a8', 1144667465, 0),
('7bca52fb54da17b7b0ea4f25af2c7c02', -1731187556, 0),
('b98b0c0c0a23210a9b77e2a02b35a818', -1731187556, 0),
('c97ebb3665342196c4da7c524a7754a8', -1731187556, 0),
('7bca52fb54da17b7b0ea4f25af2c7c02', -184691442, 0),
('b98b0c0c0a23210a9b77e2a02b35a818', -184691442, 0),
('c97ebb3665342196c4da7c524a7754a8', -184691442, 0),
('7bca52fb54da17b7b0ea4f25af2c7c02', 675978418, 0),
('b98b0c0c0a23210a9b77e2a02b35a818', 675978418, 0),
('c97ebb3665342196c4da7c524a7754a8', 675978418, 0),
('7bca52fb54da17b7b0ea4f25af2c7c02', -2025014905, 0),
('b98b0c0c0a23210a9b77e2a02b35a818', -2025014905, 0),
('c97ebb3665342196c4da7c524a7754a8', -2025014905, 0),
('7bca52fb54da17b7b0ea4f25af2c7c02', 1427423528, 0),
('b98b0c0c0a23210a9b77e2a02b35a818', 1427423528, 0),
('c97ebb3665342196c4da7c524a7754a8', 1427423528, 0),
('7bca52fb54da17b7b0ea4f25af2c7c02', -1665254879, 0),
('b98b0c0c0a23210a9b77e2a02b35a818', -1665254879, 0),
('c97ebb3665342196c4da7c524a7754a8', -1665254879, 0),
('7bca52fb54da17b7b0ea4f25af2c7c02', 910314559, 0),
('b98b0c0c0a23210a9b77e2a02b35a818', 910314559, 0),
('c97ebb3665342196c4da7c524a7754a8', 910314559, 0),
('7bca52fb54da17b7b0ea4f25af2c7c02', 215885891, 0),
('b98b0c0c0a23210a9b77e2a02b35a818', 215885891, 0),
('c97ebb3665342196c4da7c524a7754a8', 215885891, 0),
('7bca52fb54da17b7b0ea4f25af2c7c02', -603669986, 0),
('b98b0c0c0a23210a9b77e2a02b35a818', -603669986, 0),
('c97ebb3665342196c4da7c524a7754a8', -603669986, 0),
('7bca52fb54da17b7b0ea4f25af2c7c02', -1197234858, 0),
('b98b0c0c0a23210a9b77e2a02b35a818', -1197234858, 0),
('c97ebb3665342196c4da7c524a7754a8', -1197234858, 0),
('7bca52fb54da17b7b0ea4f25af2c7c02', 714001072, 0),
('b98b0c0c0a23210a9b77e2a02b35a818', 714001072, 0),
('c97ebb3665342196c4da7c524a7754a8', 714001072, 0),
('7bca52fb54da17b7b0ea4f25af2c7c02', 1520500823, 0),
('b98b0c0c0a23210a9b77e2a02b35a818', 1520500823, 0),
('c97ebb3665342196c4da7c524a7754a8', 1520500823, 0),
('7bca52fb54da17b7b0ea4f25af2c7c02', -1052777232, 0),
('b98b0c0c0a23210a9b77e2a02b35a818', -1052777232, 0),
('c97ebb3665342196c4da7c524a7754a8', -1052777232, 0),
('7bca52fb54da17b7b0ea4f25af2c7c02', 1944147622, 0),
('b98b0c0c0a23210a9b77e2a02b35a818', 1944147622, 0),
('c97ebb3665342196c4da7c524a7754a8', 1944147622, 0),
('7bca52fb54da17b7b0ea4f25af2c7c02', 156972404, 0),
('b98b0c0c0a23210a9b77e2a02b35a818', 156972404, 0),
('c97ebb3665342196c4da7c524a7754a8', 156972404, 0),
('7fc162ba3cc26077924a93c9e394056f', -1735509296, 80),
('7fc162ba3cc26077924a93c9e394056f', -1266772810, 20);

-- --------------------------------------------------------

--
-- Structure for view `perkembangan`
--
DROP TABLE IF EXISTS `perkembangan`;

CREATE ALGORITHM=UNDEFINED DEFINER=`root`@`localhost` SQL SECURITY DEFINER VIEW `perkembangan`  AS  select `history_nab`.`id_reksadana` AS `id_reksadana`,`history_nab`.`tanggal` AS `tanggal`,`history_nab`.`nab` AS `nab`,`reksadana`.`reksadana` AS `reksadana` from (`history_nab` join `reksadana` on((`history_nab`.`id_reksadana` = `reksadana`.`id`))) union select `reksadana`.`id` AS `id_reksadana`,curdate() AS `tanggal`,`reksadana`.`nab` AS `nab`,`reksadana`.`reksadana` AS `reksadana` from `reksadana` ;

--
-- Indexes for dumped tables
--

--
-- Indexes for table `admin_bank`
--
ALTER TABLE `admin_bank`
  ADD PRIMARY KEY (`id`);

--
-- Indexes for table `admin_reksadana`
--
ALTER TABLE `admin_reksadana`
  ADD PRIMARY KEY (`id`);

--
-- Indexes for table `history_nab`
--
ALTER TABLE `history_nab`
  ADD KEY `id_reksadana` (`id_reksadana`);

--
-- Indexes for table `jenis_transaksi`
--
ALTER TABLE `jenis_transaksi`
  ADD PRIMARY KEY (`id`);

--
-- Indexes for table `klien`
--
ALTER TABLE `klien`
  ADD PRIMARY KEY (`id`),
  ADD KEY `id_mata_uang` (`id_mata_uang`),
  ADD KEY `id_profil_resiko` (`id_profil_resiko`);

--
-- Indexes for table `mata_uang`
--
ALTER TABLE `mata_uang`
  ADD PRIMARY KEY (`id_mata_uang`);

--
-- Indexes for table `profil_resiko`
--
ALTER TABLE `profil_resiko`
  ADD PRIMARY KEY (`id`);

--
-- Indexes for table `reksadana`
--
ALTER TABLE `reksadana`
  ADD PRIMARY KEY (`id`);

--
-- Indexes for table `status_transaksi`
--
ALTER TABLE `status_transaksi`
  ADD PRIMARY KEY (`id`);

--
-- Indexes for table `transaksi`
--
ALTER TABLE `transaksi`
  ADD PRIMARY KEY (`id`),
  ADD KEY `id_jenis_transaksi` (`id_jenis_transaksi`),
  ADD KEY `id_klien` (`id_klien`),
  ADD KEY `id_reksadana` (`id_reksadana`),
  ADD KEY `id_reksadana_tujuan` (`id_reksadana_tujuan`),
  ADD KEY `id_status_transaksi` (`id_status_transaksi`),
  ADD KEY `id_admin_bank` (`id_admin_bank`),
  ADD KEY `id_admin_reksadana` (`id_admin_reksadana`);

--
-- Indexes for table `up_klien`
--
ALTER TABLE `up_klien`
  ADD KEY `id_klien` (`id_klien`),
  ADD KEY `id_reksadana` (`id_reksadana`);

--
-- AUTO_INCREMENT for dumped tables
--

--
-- AUTO_INCREMENT for table `admin_bank`
--
ALTER TABLE `admin_bank`
  MODIFY `id` int(11) NOT NULL AUTO_INCREMENT, AUTO_INCREMENT=3;

--
-- AUTO_INCREMENT for table `admin_reksadana`
--
ALTER TABLE `admin_reksadana`
  MODIFY `id` int(11) NOT NULL AUTO_INCREMENT, AUTO_INCREMENT=2;

--
-- Constraints for dumped tables
--

--
-- Constraints for table `klien`
--
ALTER TABLE `klien`
  ADD CONSTRAINT `klien_ibfk_1` FOREIGN KEY (`id_profil_resiko`) REFERENCES `profil_resiko` (`id`),
  ADD CONSTRAINT `klien_ibfk_2` FOREIGN KEY (`id_mata_uang`) REFERENCES `mata_uang` (`id_mata_uang`);

--
-- Constraints for table `transaksi`
--
ALTER TABLE `transaksi`
  ADD CONSTRAINT `transaksi_ibfk_1` FOREIGN KEY (`id_klien`) REFERENCES `klien` (`id`),
  ADD CONSTRAINT `transaksi_ibfk_3` FOREIGN KEY (`id_jenis_transaksi`) REFERENCES `jenis_transaksi` (`id`),
  ADD CONSTRAINT `transaksi_ibfk_7` FOREIGN KEY (`id_status_transaksi`) REFERENCES `status_transaksi` (`id`);

--
-- Constraints for table `up_klien`
--
ALTER TABLE `up_klien`
  ADD CONSTRAINT `up_klien_ibfk_1` FOREIGN KEY (`id_klien`) REFERENCES `klien` (`id`);

DELIMITER $$
--
-- Events
--
CREATE DEFINER=`root`@`localhost` EVENT `change_nab` ON SCHEDULE EVERY 1 MINUTE STARTS '2018-03-20 18:23:03' ON COMPLETION NOT PRESERVE ENABLE DO BEGIN
        DECLARE i INT(5);
        SELECT MIN(DATEDIFF(CURDATE(), history_nab.tanggal)) INTO @min_difference FROM history_nab;
        WHILE @min_difference > 1 DO
            SET @min_difference = @min_difference - 1;
            SET i = 0;
            SELECT (CURDATE()-@min_difference) INTO @date;
            SELECT COUNT(*) INTO @count_reksadana FROM reksadana;
            WHILE i < @count_reksadana DO
                SELECT reksadana.id INTO @id FROM reksadana ORDER BY id ASC LIMIT i, 1;
                SELECT reksadana.nab INTO @nab FROM reksadana ORDER BY id ASC LIMIT i, 1;
                SET @new_nab = @nab + (random(-500, 500)/100);
                INSERT INTO history_nab VALUES(@id, @date, @nab);
                UPDATE reksadana SET reksadana.nab = @new_nab WHERE reksadana.id = @id;
                SET i = i + 1;
            END WHILE;
        END WHILE;
    END$$

DELIMITER ;
COMMIT;

/*!40101 SET CHARACTER_SET_CLIENT=@OLD_CHARACTER_SET_CLIENT */;
/*!40101 SET CHARACTER_SET_RESULTS=@OLD_CHARACTER_SET_RESULTS */;
/*!40101 SET COLLATION_CONNECTION=@OLD_COLLATION_CONNECTION */;
